’n•û,s‹æ’¬‘º,URL,RSS
“¹–k,’t“à,https://weather.yahoo.co.jp/weather/jp/1a/1100.html,https://rss-weather.yahoo.co.jp/rss/days/1100.xml
“¹–k,ˆ®ì,https://weather.yahoo.co.jp/weather/jp/1a/1200.html,https://rss-weather.yahoo.co.jp/rss/days/1200.xml
“¹–k,—¯–G,https://weather.yahoo.co.jp/weather/jp/1a/1300.html,https://rss-weather.yahoo.co.jp/rss/days/1300.xml
“¹‰›,D–y,https://weather.yahoo.co.jp/weather/jp/1b/1400.html,https://rss-weather.yahoo.co.jp/rss/days/1400.xml
“¹‰›,ŠâŒ©‘ò,https://weather.yahoo.co.jp/weather/jp/1b/1500.html,https://rss-weather.yahoo.co.jp/rss/days/1500.xml
“¹‰›,‹ä’mˆÀ,https://weather.yahoo.co.jp/weather/jp/1b/1600.html,https://rss-weather.yahoo.co.jp/rss/days/1600.xml
“¹“Œ,–Ô‘–,https://weather.yahoo.co.jp/weather/jp/1c/1710.html,https://rss-weather.yahoo.co.jp/rss/days/1710.xml
“¹“Œ,–kŒ©,https://weather.yahoo.co.jp/weather/jp/1c/1720.html,https://rss-weather.yahoo.co.jp/rss/days/1720.xml
“¹“Œ,–ä•Ê,https://weather.yahoo.co.jp/weather/jp/1c/1730.html,https://rss-weather.yahoo.co.jp/rss/days/1730.xml
“¹“Œ,ªº,https://weather.yahoo.co.jp/weather/jp/1c/1800.html,https://rss-weather.yahoo.co.jp/rss/days/1800.xml
“¹“Œ,‹ú˜H,https://weather.yahoo.co.jp/weather/jp/1c/1900.html,https://rss-weather.yahoo.co.jp/rss/days/1900.xml
“¹“Œ,‘ÑL,https://weather.yahoo.co.jp/weather/jp/1c/2000.html,https://rss-weather.yahoo.co.jp/rss/days/2000.xml
“¹“ì,º—–,https://weather.yahoo.co.jp/weather/jp/1d/2100.html,https://rss-weather.yahoo.co.jp/rss/days/2100.xml
“¹“ì,‰Y‰Í,https://weather.yahoo.co.jp/weather/jp/1d/2200.html,https://rss-weather.yahoo.co.jp/rss/days/2200.xml
“¹“ì,”ŸŠÙ,https://weather.yahoo.co.jp/weather/jp/1d/2300.html,https://rss-weather.yahoo.co.jp/rss/days/2300.xml
“¹“ì,]·,https://weather.yahoo.co.jp/weather/jp/1d/2400.html,https://rss-weather.yahoo.co.jp/rss/days/2400.xml
ÂXŒ§,ÂX,https://weather.yahoo.co.jp/weather/jp/2/3110.html,https://rss-weather.yahoo.co.jp/rss/days/3110.xml
ÂXŒ§,‚Ş‚Â,https://weather.yahoo.co.jp/weather/jp/2/3120.html,https://rss-weather.yahoo.co.jp/rss/days/3120.xml
ÂXŒ§,”ªŒË,https://weather.yahoo.co.jp/weather/jp/2/3130.html,https://rss-weather.yahoo.co.jp/rss/days/3130.xml
ŠâèŒ§,·‰ª,https://weather.yahoo.co.jp/weather/jp/3/3310.html,https://rss-weather.yahoo.co.jp/rss/days/3310.xml
ŠâèŒ§,‹{ŒÃ,https://weather.yahoo.co.jp/weather/jp/3/3320.html,https://rss-weather.yahoo.co.jp/rss/days/3320.xml
ŠâèŒ§,‘å‘D“n,https://weather.yahoo.co.jp/weather/jp/3/3330.html,https://rss-weather.yahoo.co.jp/rss/days/3330.xml
‹{éŒ§,å‘ä,https://weather.yahoo.co.jp/weather/jp/4/3410.html,https://rss-weather.yahoo.co.jp/rss/days/3410.xml
‹{éŒ§,”’Î,https://weather.yahoo.co.jp/weather/jp/4/3420.html,https://rss-weather.yahoo.co.jp/rss/days/3420.xml
H“cŒ§,H“c,https://weather.yahoo.co.jp/weather/jp/5/3210.html,https://rss-weather.yahoo.co.jp/rss/days/3210.xml
H“cŒ§,‰¡è,https://weather.yahoo.co.jp/weather/jp/5/3220.html,https://rss-weather.yahoo.co.jp/rss/days/3220.xml
RŒ`Œ§,RŒ`,https://weather.yahoo.co.jp/weather/jp/6/3510.html,https://rss-weather.yahoo.co.jp/rss/days/3510.xml
RŒ`Œ§,•Ä‘ò,https://weather.yahoo.co.jp/weather/jp/6/3520.html,https://rss-weather.yahoo.co.jp/rss/days/3520.xml
RŒ`Œ§,ğ“c,https://weather.yahoo.co.jp/weather/jp/6/3530.html,https://rss-weather.yahoo.co.jp/rss/days/3530.xml
RŒ`Œ§,V¯,https://weather.yahoo.co.jp/weather/jp/6/3540.html,https://rss-weather.yahoo.co.jp/rss/days/3540.xml
•Ÿ“‡Œ§,•Ÿ“‡,https://weather.yahoo.co.jp/weather/jp/7/3610.html,https://rss-weather.yahoo.co.jp/rss/days/3610.xml
•Ÿ“‡Œ§,¬–¼•l,https://weather.yahoo.co.jp/weather/jp/7/3620.html,https://rss-weather.yahoo.co.jp/rss/days/3620.xml
•Ÿ“‡Œ§,á¼,https://weather.yahoo.co.jp/weather/jp/7/3630.html,https://rss-weather.yahoo.co.jp/rss/days/3630.xml
“Œ‹“s,“Œ‹,https://weather.yahoo.co.jp/weather/jp/13/4410.html,https://rss-weather.yahoo.co.jp/rss/days/4410.xml
“Œ‹“s,‘å“‡,https://weather.yahoo.co.jp/weather/jp/13/4420.html,https://rss-weather.yahoo.co.jp/rss/days/4420.xml
“Œ‹“s,”ªä“‡,https://weather.yahoo.co.jp/weather/jp/13/4430.html,https://rss-weather.yahoo.co.jp/rss/days/4430.xml
“Œ‹“s,•ƒ“‡,https://weather.yahoo.co.jp/weather/jp/13/4440.html,https://rss-weather.yahoo.co.jp/rss/days/4440.xml
_“ŞìŒ§,‰¡•l,https://weather.yahoo.co.jp/weather/jp/14/4610.html,https://rss-weather.yahoo.co.jp/rss/days/4610.xml
_“ŞìŒ§,¬“cŒ´,https://weather.yahoo.co.jp/weather/jp/14/4620.html,https://rss-weather.yahoo.co.jp/rss/days/4620.xml
é‹ÊŒ§,‚³‚¢‚½‚Ü,https://weather.yahoo.co.jp/weather/jp/11/4310.html,https://rss-weather.yahoo.co.jp/rss/days/4310.xml
é‹ÊŒ§,ŒF’J,https://weather.yahoo.co.jp/weather/jp/11/4320.html,https://rss-weather.yahoo.co.jp/rss/days/4320.xml
é‹ÊŒ§,’•ƒ,https://weather.yahoo.co.jp/weather/jp/11/4330.html,https://rss-weather.yahoo.co.jp/rss/days/4330.xml
ç—tŒ§,ç—t,https://weather.yahoo.co.jp/weather/jp/12/4510.html,https://rss-weather.yahoo.co.jp/rss/days/4510.xml
ç—tŒ§,’¶q,https://weather.yahoo.co.jp/weather/jp/12/4520.html,https://rss-weather.yahoo.co.jp/rss/days/4520.xml
ç—tŒ§,ŠÙR,https://weather.yahoo.co.jp/weather/jp/12/4530.html,https://rss-weather.yahoo.co.jp/rss/days/4530.xml
ˆïéŒ§,…ŒË,https://weather.yahoo.co.jp/weather/jp/8/4010.html,https://rss-weather.yahoo.co.jp/rss/days/4010.xml
ˆïéŒ§,“y‰Y,https://weather.yahoo.co.jp/weather/jp/8/4020.html,https://rss-weather.yahoo.co.jp/rss/days/4020.xml
“È–ØŒ§,‰F“s‹{,https://weather.yahoo.co.jp/weather/jp/9/4110.html,https://rss-weather.yahoo.co.jp/rss/days/4110.xml
“È–ØŒ§,‘å“cŒ´,https://weather.yahoo.co.jp/weather/jp/9/4120.html,https://rss-weather.yahoo.co.jp/rss/days/4120.xml
ŒQ”nŒ§,‘O‹´,https://weather.yahoo.co.jp/weather/jp/10/4210.html,https://rss-weather.yahoo.co.jp/rss/days/4210.xml
ŒQ”nŒ§,‚İ‚È‚©‚İ,https://weather.yahoo.co.jp/weather/jp/10/4220.html,https://rss-weather.yahoo.co.jp/rss/days/4220.xml
R—œŒ§,b•{,https://weather.yahoo.co.jp/weather/jp/19/4910.html,https://rss-weather.yahoo.co.jp/rss/days/4910.xml
R—œŒ§,‰ÍŒûŒÎ,https://weather.yahoo.co.jp/weather/jp/19/4920.html,https://rss-weather.yahoo.co.jp/rss/days/4920.xml
VŠƒŒ§,VŠƒ,https://weather.yahoo.co.jp/weather/jp/15/5410.html,https://rss-weather.yahoo.co.jp/rss/days/5410.xml
VŠƒŒ§,’·‰ª,https://weather.yahoo.co.jp/weather/jp/15/5420.html,https://rss-weather.yahoo.co.jp/rss/days/5420.xml
VŠƒŒ§,‚“c,https://weather.yahoo.co.jp/weather/jp/15/5430.html,https://rss-weather.yahoo.co.jp/rss/days/5430.xml
VŠƒŒ§,‘Šì,https://weather.yahoo.co.jp/weather/jp/15/5440.html,https://rss-weather.yahoo.co.jp/rss/days/5440.xml
’·–ìŒ§,’·–ì,https://weather.yahoo.co.jp/weather/jp/20/4810.html,https://rss-weather.yahoo.co.jp/rss/days/4810.xml
’·–ìŒ§,¼–{,https://weather.yahoo.co.jp/weather/jp/20/4820.html,https://rss-weather.yahoo.co.jp/rss/days/4820.xml
’·–ìŒ§,”Ñ“c,https://weather.yahoo.co.jp/weather/jp/20/4830.html,https://rss-weather.yahoo.co.jp/rss/days/4830.xml
ˆ¤’mŒ§,–¼ŒÃ‰®,https://weather.yahoo.co.jp/weather/jp/23/5110.html,https://rss-weather.yahoo.co.jp/rss/days/5110.xml
ˆ¤’mŒ§,–L‹´,https://weather.yahoo.co.jp/weather/jp/23/5120.html,https://rss-weather.yahoo.co.jp/rss/days/5120.xml
Šò•ŒŒ§,Šò•Œ,https://weather.yahoo.co.jp/weather/jp/21/5210.html,https://rss-weather.yahoo.co.jp/rss/days/5210.xml
Šò•ŒŒ§,‚R,https://weather.yahoo.co.jp/weather/jp/21/5220.html,https://rss-weather.yahoo.co.jp/rss/days/5220.xml
Ã‰ªŒ§,Ã‰ª,https://weather.yahoo.co.jp/weather/jp/22/5010.html,https://rss-weather.yahoo.co.jp/rss/days/5010.xml
Ã‰ªŒ§,–Ô‘ã,https://weather.yahoo.co.jp/weather/jp/22/5020.html,https://rss-weather.yahoo.co.jp/rss/days/5020.xml
Ã‰ªŒ§,O“‡,https://weather.yahoo.co.jp/weather/jp/22/5030.html,https://rss-weather.yahoo.co.jp/rss/days/5030.xml
Ã‰ªŒ§,•l¼,https://weather.yahoo.co.jp/weather/jp/22/5040.html,https://rss-weather.yahoo.co.jp/rss/days/5040.xml
OdŒ§,’Ã,https://weather.yahoo.co.jp/weather/jp/24/5310.html,https://rss-weather.yahoo.co.jp/rss/days/5310.xml
OdŒ§,”ö˜h,https://weather.yahoo.co.jp/weather/jp/24/5320.html,https://rss-weather.yahoo.co.jp/rss/days/5320.xml
•xRŒ§,•xR,https://weather.yahoo.co.jp/weather/jp/16/5510.html,https://rss-weather.yahoo.co.jp/rss/days/5510.xml
•xRŒ§,•š–Ø,https://weather.yahoo.co.jp/weather/jp/16/5520.html,https://rss-weather.yahoo.co.jp/rss/days/5520.xml
ÎìŒ§,‹à‘ò,https://weather.yahoo.co.jp/weather/jp/17/5610.html,https://rss-weather.yahoo.co.jp/rss/days/5610.xml
ÎìŒ§,—Ö“‡,https://weather.yahoo.co.jp/weather/jp/17/5620.html,https://rss-weather.yahoo.co.jp/rss/days/5620.xml
•ŸˆäŒ§,•Ÿˆä,https://weather.yahoo.co.jp/weather/jp/18/5710.html,https://rss-weather.yahoo.co.jp/rss/days/5710.xml
•ŸˆäŒ§,“Ö‰ê,https://weather.yahoo.co.jp/weather/jp/18/5720.html,https://rss-weather.yahoo.co.jp/rss/days/5720.xml
‘åã•{,‘åã,https://weather.yahoo.co.jp/weather/jp/27/6200.html,https://rss-weather.yahoo.co.jp/rss/days/6200.xml
•ºŒÉŒ§,_ŒË,https://weather.yahoo.co.jp/weather/jp/28/6310.html,https://rss-weather.yahoo.co.jp/rss/days/6310.xml
•ºŒÉŒ§,–L‰ª,https://weather.yahoo.co.jp/weather/jp/28/6320.html,https://rss-weather.yahoo.co.jp/rss/days/6320.xml
‹“s•{,‹“s,https://weather.yahoo.co.jp/weather/jp/26/6110.html,https://rss-weather.yahoo.co.jp/rss/days/6110.xml
‹“s•{,•‘’ß,https://weather.yahoo.co.jp/weather/jp/26/6120.html,https://rss-weather.yahoo.co.jp/rss/days/6120.xml
 ‰êŒ§,‘å’Ã,https://weather.yahoo.co.jp/weather/jp/25/6010.html,https://rss-weather.yahoo.co.jp/rss/days/6010.xml
 ‰êŒ§,•Fª,https://weather.yahoo.co.jp/weather/jp/25/6020.html,https://rss-weather.yahoo.co.jp/rss/days/6020.xml
“Ş—ÇŒ§,“Ş—Ç,https://weather.yahoo.co.jp/weather/jp/29/6410.html,https://rss-weather.yahoo.co.jp/rss/days/6410.xml
“Ş—ÇŒ§,•—‰®,https://weather.yahoo.co.jp/weather/jp/29/6420.html,https://rss-weather.yahoo.co.jp/rss/days/6420.xml
˜a‰ÌRŒ§,˜a‰ÌR,https://weather.yahoo.co.jp/weather/jp/30/6510.html,https://rss-weather.yahoo.co.jp/rss/days/6510.xml
˜a‰ÌRŒ§,’ª–¦,https://weather.yahoo.co.jp/weather/jp/30/6520.html,https://rss-weather.yahoo.co.jp/rss/days/6520.xml
“‡ªŒ§,¼],https://weather.yahoo.co.jp/weather/jp/32/6810.html,https://rss-weather.yahoo.co.jp/rss/days/6810.xml
“‡ªŒ§,•l“c,https://weather.yahoo.co.jp/weather/jp/32/6820.html,https://rss-weather.yahoo.co.jp/rss/days/6820.xml
“‡ªŒ§,¼‹½,https://weather.yahoo.co.jp/weather/jp/32/6830.html,https://rss-weather.yahoo.co.jp/rss/days/6830.xml
’¹æŒ§,’¹æ,https://weather.yahoo.co.jp/weather/jp/31/6910.html,https://rss-weather.yahoo.co.jp/rss/days/6910.xml
’¹æŒ§,•Äq,https://weather.yahoo.co.jp/weather/jp/31/6920.html,https://rss-weather.yahoo.co.jp/rss/days/6920.xml
‰ªRŒ§,‰ªR,https://weather.yahoo.co.jp/weather/jp/33/6610.html,https://rss-weather.yahoo.co.jp/rss/days/6610.xml
‰ªRŒ§,’ÃR,https://weather.yahoo.co.jp/weather/jp/33/6620.html,https://rss-weather.yahoo.co.jp/rss/days/6620.xml
L“‡Œ§,L“‡,https://weather.yahoo.co.jp/weather/jp/34/6710.html,https://rss-weather.yahoo.co.jp/rss/days/6710.xml
L“‡Œ§,¯Œ´,https://weather.yahoo.co.jp/weather/jp/34/6720.html,https://rss-weather.yahoo.co.jp/rss/days/6720.xml
RŒûŒ§,‰ºŠÖ,https://weather.yahoo.co.jp/weather/jp/35/8110.html,https://rss-weather.yahoo.co.jp/rss/days/8110.xml
RŒûŒ§,RŒû,https://weather.yahoo.co.jp/weather/jp/35/8120.html,https://rss-weather.yahoo.co.jp/rss/days/8120.xml
RŒûŒ§,–öˆä,https://weather.yahoo.co.jp/weather/jp/35/8130.html,https://rss-weather.yahoo.co.jp/rss/days/8130.xml
RŒûŒ§,”‹,https://weather.yahoo.co.jp/weather/jp/35/8140.html,https://rss-weather.yahoo.co.jp/rss/days/8140.xml
“¿“‡Œ§,“¿“‡,https://weather.yahoo.co.jp/weather/jp/36/7110.html,https://rss-weather.yahoo.co.jp/rss/days/7110.xml
“¿“‡Œ§,“ú˜a²,https://weather.yahoo.co.jp/weather/jp/36/7120.html,https://rss-weather.yahoo.co.jp/rss/days/7120.xml
ìŒ§,‚¼,https://weather.yahoo.co.jp/weather/jp/37/7200.html,https://rss-weather.yahoo.co.jp/rss/days/7200.xml
ˆ¤•QŒ§,¼R,https://weather.yahoo.co.jp/weather/jp/38/7310.html,https://rss-weather.yahoo.co.jp/rss/days/7310.xml
ˆ¤•QŒ§,V‹•l,https://weather.yahoo.co.jp/weather/jp/38/7320.html,https://rss-weather.yahoo.co.jp/rss/days/7320.xml
ˆ¤•QŒ§,‰F˜a“‡,https://weather.yahoo.co.jp/weather/jp/38/7330.html,https://rss-weather.yahoo.co.jp/rss/days/7330.xml
‚’mŒ§,‚’m,https://weather.yahoo.co.jp/weather/jp/39/7410.html,https://rss-weather.yahoo.co.jp/rss/days/7410.xml
‚’mŒ§,ºŒË–¦,https://weather.yahoo.co.jp/weather/jp/39/7420.html,https://rss-weather.yahoo.co.jp/rss/days/7420.xml
‚’mŒ§,´…,https://weather.yahoo.co.jp/weather/jp/39/7430.html,https://rss-weather.yahoo.co.jp/rss/days/7430.xml
•Ÿ‰ªŒ§,•Ÿ‰ª,https://weather.yahoo.co.jp/weather/jp/40/8210.html,https://rss-weather.yahoo.co.jp/rss/days/8210.xml
•Ÿ‰ªŒ§,”ª”¦,https://weather.yahoo.co.jp/weather/jp/40/8220.html,https://rss-weather.yahoo.co.jp/rss/days/8220.xml
•Ÿ‰ªŒ§,”Ñ’Ë,https://weather.yahoo.co.jp/weather/jp/40/8230.html,https://rss-weather.yahoo.co.jp/rss/days/8230.xml
•Ÿ‰ªŒ§,‹v—¯•Ä,https://weather.yahoo.co.jp/weather/jp/40/8240.html,https://rss-weather.yahoo.co.jp/rss/days/8240.xml
²‰êŒ§,²‰ê,https://weather.yahoo.co.jp/weather/jp/41/8510.html,https://rss-weather.yahoo.co.jp/rss/days/8510.xml
²‰êŒ§,ˆÉ–œ—¢,https://weather.yahoo.co.jp/weather/jp/41/8520.html,https://rss-weather.yahoo.co.jp/rss/days/8520.xml
’·èŒ§,’·è,https://weather.yahoo.co.jp/weather/jp/42/8410.html,https://rss-weather.yahoo.co.jp/rss/days/8410.xml
’·èŒ§,²¢•Û,https://weather.yahoo.co.jp/weather/jp/42/8420.html,https://rss-weather.yahoo.co.jp/rss/days/8420.xml
’·èŒ§,ŒµŒ´,https://weather.yahoo.co.jp/weather/jp/42/8430.html,https://rss-weather.yahoo.co.jp/rss/days/8430.xml
’·èŒ§,•Ÿ],https://weather.yahoo.co.jp/weather/jp/42/8440.html,https://rss-weather.yahoo.co.jp/rss/days/8440.xml
ŒF–{Œ§,ŒF–{,https://weather.yahoo.co.jp/weather/jp/43/8610.html,https://rss-weather.yahoo.co.jp/rss/days/8610.xml
ŒF–{Œ§,ˆ¢‘h‰³•P,https://weather.yahoo.co.jp/weather/jp/43/8620.html,https://rss-weather.yahoo.co.jp/rss/days/8620.xml
ŒF–{Œ§,‹[,https://weather.yahoo.co.jp/weather/jp/43/8630.html,https://rss-weather.yahoo.co.jp/rss/days/8630.xml
ŒF–{Œ§,l‹g,https://weather.yahoo.co.jp/weather/jp/43/8640.html,https://rss-weather.yahoo.co.jp/rss/days/8640.xml
‘å•ªŒ§,‘å•ª,https://weather.yahoo.co.jp/weather/jp/44/8310.html,https://rss-weather.yahoo.co.jp/rss/days/8310.xml
‘å•ªŒ§,’†’Ã,https://weather.yahoo.co.jp/weather/jp/44/8320.html,https://rss-weather.yahoo.co.jp/rss/days/8320.xml
‘å•ªŒ§,“ú“c,https://weather.yahoo.co.jp/weather/jp/44/8330.html,https://rss-weather.yahoo.co.jp/rss/days/8330.xml
‘å•ªŒ§,²”Œ,https://weather.yahoo.co.jp/weather/jp/44/8340.html,https://rss-weather.yahoo.co.jp/rss/days/8340.xml
‹{èŒ§,‹{è,https://weather.yahoo.co.jp/weather/jp/45/8710.html,https://rss-weather.yahoo.co.jp/rss/days/8710.xml
‹{èŒ§,‰„‰ª,https://weather.yahoo.co.jp/weather/jp/45/8720.html,https://rss-weather.yahoo.co.jp/rss/days/8720.xml
‹{èŒ§,“sé,https://weather.yahoo.co.jp/weather/jp/45/8730.html,https://rss-weather.yahoo.co.jp/rss/days/8730.xml
‹{èŒ§,‚ç•ä,https://weather.yahoo.co.jp/weather/jp/45/8740.html,https://rss-weather.yahoo.co.jp/rss/days/8740.xml
­™“‡Œ§,–¼£,https://weather.yahoo.co.jp/weather/jp/46/1000.html,https://rss-weather.yahoo.co.jp/rss/days/1000.xml
­™“‡Œ§,­™“‡,https://weather.yahoo.co.jp/weather/jp/46/8810.html,https://rss-weather.yahoo.co.jp/rss/days/8810.xml
­™“‡Œ§,­‰®,https://weather.yahoo.co.jp/weather/jp/46/8820.html,https://rss-weather.yahoo.co.jp/rss/days/8820.xml
­™“‡Œ§,íq“‡,https://weather.yahoo.co.jp/weather/jp/46/8830.html,https://rss-weather.yahoo.co.jp/rss/days/8830.xml
‰«“êŒ§,“ß”e,https://weather.yahoo.co.jp/weather/jp/47/9110.html,https://rss-weather.yahoo.co.jp/rss/days/9110.xml
‰«“êŒ§,–¼Œì,https://weather.yahoo.co.jp/weather/jp/47/9120.html,https://rss-weather.yahoo.co.jp/rss/days/9120.xml
‰«“êŒ§,‹v•Ä“‡,https://weather.yahoo.co.jp/weather/jp/47/9130.html,https://rss-weather.yahoo.co.jp/rss/days/9130.xml
‰«“êŒ§,“ì‘å“Œ,https://weather.yahoo.co.jp/weather/jp/47/9200.html,https://rss-weather.yahoo.co.jp/rss/days/9200.xml
‰«“êŒ§,‹{ŒÃ“‡,https://weather.yahoo.co.jp/weather/jp/47/9300.html,https://rss-weather.yahoo.co.jp/rss/days/9300.xml
‰«“êŒ§,ÎŠ_“‡,https://weather.yahoo.co.jp/weather/jp/47/9410.html,https://rss-weather.yahoo.co.jp/rss/days/9410.xml
‰«“êŒ§,—^“ß‘“‡,https://weather.yahoo.co.jp/weather/jp/47/9420.html,https://rss-weather.yahoo.co.jp/rss/days/9420.xml
