nԍ,n於,ӂ肪
01100,Dys,ۂ낵
01101,,イ
01102,k,
01103,,Ђ
01104,΋,낢
01105,L,ƂЂ炭
01106,,݂Ȃ݂
01107,,ɂ
01108,ʋ,ׂ
01109,,Ă˂
01110,c,悽
01202,َs,͂Ă
01203,Ms,邵
01204,s,Ђ킵
01205,s,ނ
01206,Hs,낵
01207,эLs,тЂ낵
01208,ks,݂
01209,[s,䂤΂肵
01210,〈s,݂킵
01211,ԑs,΂肵
01212,Gs,
01213,Ϗqs,Ƃ܂܂
01214,ts,Ȃ
01215,Ss,т΂
01216,ʎs,ׂ
01217,]ʎs,ׂ
01218,ԕs,т炵
01219,ʎs,ׂ
01220,mʎs,ׂ
01221,s,Ȃ낵
01222,O}s,݂
01223,s,˂ނ낵
01224,Ύs,Ƃ
01225,s,킵
01226,s,Ȃ킵
01227,̎us,Ȃ
01228,[s,ӂ킵
01229,xǖs,ӂ̂
01230,oʎs,̂ڂׂ
01231,bs,ɂ킵
01233,ɒBs,Ă
01234,kLs,Ђ낵܂
01235,Ύs,肵
01236,kls,قƂ
01300,ΎU,肵񂱂傭
01***,ΎS,肮
01303,ʒ,Ƃׂ傤
01304,VÑ,񂵂̂ނ
01330,nU,܂񂱂傭
01***,OS,܂܂
01331,O,܂܂傤
01332,,ӂ܂傤
01***,S,݂
01333,m,肤傤
01334,،Ó,Ȃ傤
01***,TcS,߂
01337,ђ,ȂȂ傤
01***,S,ׂ
01343,,ׂ傤
01345,X,܂
01***,RzS,܂
01347,,܂ׂ傤
01***,CS,ӂ݂
01346,_,₭傤
01360,wRU,Ђ܂񂱂傭
01***,wRS,Ђ܂
01361,],傤
01362,,݂̂ɂ傤
01363,򕔒,Ԃ傤
01***,uS,ɂ
01364,,Ƃׂ傤
01***,vS,ǂ
01371,,
01***,KS,肮
01367,K,肿傤
01***,IS,Ȃ
01370,,܂˂傤
01390,uU,ׂ񂱂傭
01***,qS,܂܂
01391,q,܂܂ނ
01***,sS,
01392,s,傤
01393,,܂Ȃ傤
01***,JS,₮
01394,z,񂱂傤
01***,cS,Ԃ
01395,,ɂ傤
01396,^둺,܂ނ
01397,s,邷ނ
01398,Εʒ,ׂ傤
01399,ɒ,傤傤
01400,m,񂿂傤
01***,S,Ȃ
01401,a,傤킿傤
01402,,Ȃ傤
01***,ÉFS,ӂ邤
01403,,Ƃ܂ނ
01404,_b,Ȃނ
01***,ϒOS,Ⴑ񂮂
01405,ϒO,Ⴑ񂿂傤
01***,ÕS,ӂт炮
01406,Õ,ӂт炿傤
01***,]sS,悢
01407,mؒ,ɂ傤
01408,]s,悢傤
01409,Ԉ쑺,ނ
01420,mU,炿񂱂傭
01***,mS,炿
01423,y,Ȃۂ낿傤
01424,ވ],Ȃ傤
01425,㍻쒬,݂Ȃ킿傤
01***,[S,䂤΂肮
01427,Rm,ɂ傤
01428,,Ȃʂ܂傤
01429,IR,܂傤
01***,ˌS,΂Ƃ
01430,`,傤
01431,YP,炤傤
01432,V\Ð쒬,Ƃ킿傤
01***,JS,イ
01433,w,傤
01434,ʒ,Ղׂ傤
01436,J,イ傤
01437,k,قイ傤
01438,c,ʂ܂傤
01450,쑍U,݂킻񂱂傭
01***,S,݂킮
01452,鐲,傤
01453,_y,Ђ炿傤
01454,,Ƃ܂傤
01455,z,҂Ղ傤
01456,ʒ,ׂ傤
01457,쒬,݂킿傤
01458,쒬,Ђ킿傤
01459,l,т傤
01***,mS,炿
01460,xǖ쒬,݂ӂ̂傤
01461,xǖ쒬,Ȃӂ̂傤
01462,xǖ쒬,݂Ȃ݂ӂ̂傤
01***,ES,䂤ӂ
01463,芥,ނՂނ
01***,S,݂킮
01464,a,ނ傤
01465,,Ԃ傤
01468,쒬,킿傤
01***,S,Ȃ킮
01469,[,тӂ傤
01470,Ўq{,Ƃ˂Ղނ
01471,쒬,Ȃ킿傤
01472,JSy,ق납Ȃ傤
01480,GU,񂱂傭
01***,ьS,܂
01481,ђ,܂傤
01***,GS,
01482,,т炿傤
01***,ϑOS,Ƃ܂܂
01483,ϑO,Ƃ܂܂傤
01484,Hy,͂ڂ낿傤
01485,Rʑ,傳ׂނ
01***,VS,Ă
01486,ʒ,ׂ傤
01487,V,Ă傤
01510,@JU,₻񂱂傭
01***,@JS,₮
01511,,ӂނ
01***,}KS,
01512,lڕʒ,͂܂Ƃׂ傤
01513,ڕʒ,ȂƂׂ傤
01514,}K,傤
01***,VS,Ă
01516,Lx,ƂƂ݂傤
01520,y,قׂ̂傤
01***,當S,Ԃ񂮂
01517,當,Ԃ񂿂傤
01***,KS,肵肮
01518,K,肵肿傤
01519,Kxm,肵ӂ傤
01540,U,
01***,ԑS,΂肮
01543,y,тق낿傤
01544,Õʒ,ׂ傤
01564,,炿傤
01***,ΗS,肮
01545,Η,肿傤
01546,,悳Ƃ傤
01547,,݂傤
01***,CS,Ƃ낮
01549,Pq{,˂Ղ傤
01550,u˒,Ƃ傤
01552,CԒ,܂傤
01***,ʌS,ׂ
01555,y,񂪂邿傤
01559,Nʒ,䂤ׂ傤
01560,㒬,̂傤
01561,,؂傤
01562,,ɂ؂ނ
01563,Y,ނ傤
01570,_UU,Ԃ肻񂱂傭
01***,cS,Ԃ
01571,LY,Ƃ悤炿傤
01584,Β,Ƃ₱傤
01***,LS,
01575,s˒,ׂ傤
01***,VS,炨
01578,V,炨傤
01***,ES,䂤ӂ
01581,^,܂傤
01585,,т炿傤
01586,,ނ
01600,U,Ђ񂱂傭
01***,S,邮
01601,,Ђ傤
01602,撬,тƂ肿傤
01***,VS,ɂՂ
01604,V,ɂՂ傤
01***,Y͌S,炩킮
01607,Y͒,炩킿傤
01***,lS,܂ɂ
01608,l,܂ɂ傤
01***,yS,ق낢݂
01609,,
01***,S,Ђ
01610,V,Ђ
01630,\U,Ƃ񂱂傭
01***,͓S,Ƃ
01631,X,Ƃӂ傤
01632,my,ق낿傤
01633,my,݂ق낿傤
01634,ǒ,傤
01***,S,݂킮
01635,V,Ƃ傤
01636,,݂傤
01***,͐S,
01637,莺,߂ނ낿傤
01638,D,ȂȂނ
01639,Xʑ,ׂނ
01***,LS,Ђ남
01641,,傤
01642,L,Ђ남傤
01***,S,Ȃ킮
01643,ʒ,܂ׂ傤
01644,rc,傤
01645,L,Ƃ悱낿傤
01646,{ʒ,قׂ傤
01***,S,낮
01647,,낿傤
01648,ʒ,肭ׂ傤
01***,\S,Ƃ
01649,Yy,ق낿傤
01660,HU,낻񂱂傭
01***,HS,낮
01661,H,낿傤
01***,݌S,
01662,ݒ,傤
01663,l,͂܂Ȃ傤
01***,S,킩݂
01664,W,ׂႿ傤
01665,q,Ă傤
01***,S,񂮂
01667,ߋ,邢ނ
01***,fS,ʂ
01668,f,ʂ傤
01690,U,˂ނ낵񂱂傭
01***,tS,̂
01691,ʊC,ׂ傤
01***,WÌS,ׂ
01692,WÒ,Ȃׂ傤
01693,WÒ,ׂ傤
01***,ڗS,߂Ȃ
01694,P,炤傤
01***,FOS,񂮂
01695,FO,ނ
01***,S,Ȃ肮
01696,,Ƃ܂ނ
01697,ʑ,ׂނ
01***,𑨌S,Ƃӂ
01698,ʑ,ׂނ
01***,ѓߌS,Ȃ
01699,ѓߑ,Ȃނ
01***,AS,ׂƂ
01700,A摺,ׂƂނ
02201,Xs,肵
02202,OOs,Ђ낳
02203,ˎs,͂̂ւ
02204,Ύs,낢
02205,܏쌴s,傪炵
02206,\acs,Ƃ킾
02207,Os,݂킵
02208,s,ނ
02209,s,
02210,s,Ђ炩킵
02300,ÌyS,Ђ邮
02301,,ЂȂ܂
02303,ʒ,܂ׂ܂
02304,Hc,ނ
02307,O,Ƃ͂܂܂
02320,ÌyS,ɂ邮
02321,,܂
02323,[Y,ӂ܂
02340,ÌyS,Ȃ邮
02343,ډ,ɂ߂ނ
02360,ÌyS,݂Ȃ݂邮
02361,蒬,ӂ܂
02362,k,ɂ܂
02367,cɊّ,ȂĂނ
02380,kÌyS,邮
02381,,Ȃ܂
02384,ߓc,邽܂
02387,,Ȃǂ܂܂
02400,kS,݂
02401,Ӓn,̂ւ܂
02402,˒,̂ւ܂
02405,Z˒,낭̂ւ܂
02406,l,悱͂܂܂
02408,k,Ƃق܂
02411,Z,ނ
02412,,点
02420,kS,
02423,Ԓ,܂܂
02424,ʑ,Ђǂނ
02425,ԉY,܂ނ
02426,䑺,ނ
02440,OˌS,̂ւ
02441,O˒,̂ւ܂
02442,܌˒,̂ւ܂
02443,cq,܂
02445,암,ȂԂ܂
02446,K㒬,݂͂傤
02450,V,񂲂ނ
03201,s,肨
03202,{Îs,݂₱
03203,Dns,ӂȂƂ
03205,Ԋs,͂Ȃ܂
03206,ks,݂
03207,vs,
03208,s,Ƃ̂
03209,֎s,̂
03210,Ocs,肭񂽂
03211,Ύs,܂
03213,ˎs,ɂ̂ւ
03214,s,͂܂񂽂
03215,Bs,イ
03216,s,킵
03300,S,Ă
03301,Β,傤
03302,,܂܂
03303,蒬,Ă܂
03320,gS,킮
03321,g,킿傤
03322,В,͂΂傤
03360,aS,킪
03366,a꒬,ɂ킪܂
03380,_S,킮
03381,,˂傤
03400,ֈS,ɂ킢
03402,,Ђ炢݂傤
03440,CS,񂮂
03441,Zc,݂傤
03460,ɌS,݂ւ
03461,ƒ,傤
03480,ɌS,ւ
03482,Rc,܂܂
03483,,킢݂傤
03484,c씨,̂͂ނ
03485,㑺,ӂނ
03500,ˌS,̂ւ
03501,yĒ,܂܂
03503,c,̂ނ
03506,ˑ,̂ւނ
03507,m쒬,Ђ̂傤
03520,ˌS,ɂ̂ւ
03524,˒,̂ւ܂
04100,s,񂾂
04101,t,΂
04102,{,݂€̂
04103,ы,킩΂₵
04104,,͂
04105,,݂
04202,Ίs,̂܂
04203,s,܂
04205,Cs,ʂ܂
04206,Ύs,낢
04207,s,ȂƂ肵
04208,pcs,
04209,s,傤
04211,s,ʂ܂
04212,oĎs,Ƃ߂
04213,Is,͂炵
04214,s,Ђ܂܂
04215,s,
04216,xJs,Ƃ݂₵
04300,cS,
04301,,܂
04302,,キ܂
04320,ēcS,΂
04321,͌,܂
04322,c,ނ炽܂
04323,ēc,΂܂
04324,蒬,킳܂
04340,ɋS,
04341,ېX,܂܂
04360,jS,킽肮
04361,j,킽肿傤
04362,R,܂Ƃ傤
04400,{S,݂€
04401,,܂܂܂
04404,,͂܂܂
04406,{,ӂ傤
04420,S,납킮
04421,a,킿傤
04422,勽,Ƃ傤
04424,t,Ђނ
04440,S,݂
04444,F,܂傤
04445,,݂܂
04500,cS,Ƃ
04501,OJ,킭₿傤
04505,,݂Ƃ܂
04580,S,
04581,쒬,Ȃ킿傤
04600,{gS,Ƃ悵
04606,O,݂Ȃ݂肭傤
05201,Hcs,
05202,\s,̂낵
05203,s,悱Ă
05204,َs,Ă
05206,js,
05207,s,䂴킵
05209,ps,Â̂
05210,R{s,ق񂶂傤
05211,s,݂
05212,s,
05213,kHcs,
05214,s,ɂ
05215,ks,ڂ
05300,pS,Â̂
05303,⒬,܂
05320,kHcS,
05327,㏬m,݂ɂނ
05340,R{S,܂Ƃ
05346,,ӂƂ܂
05348,O풬,݂˂傤
05349,,͂ۂ傤
05360,HcS,݂Ȃ݂
05361,܏ڒ,傤߂܂
05363,Y,͂낤܂
05366,쒬,܂
05368,劃,ނ
05420,kS,ڂ
05434,,݂Ƃ傤
05460,YS,
05463,H㒬,܂
05464,,ЂȂ邹ނ
06201,R`s,܂
06202,đs,˂킵
06203,߉s,邨
06204,cs,
06205,Vs,񂶂傤
06206,͍]s,
06207,Rs,݂̂܂
06208,Rs,ނ܂
06209,s,Ȃ
06210,Vs,Ăǂ
06211,s,Ђ˂
06212,ԑs,΂Ȃ킵
06213,zs,Ȃ悤
06300,RS,Ђނ܂
06301,RӒ,܂ׂ̂܂
06302,R,Ȃ܂܂
06320,RS,ɂނ܂
06321,͖k,ق傤
06322,쒬,ɂ܂
06323,,Ђ܂
06324,],܂
06340,kRS,ނ܂
06341,Γc,܂
06360,ŏS,݂
06361,R,˂܂܂
06362,ŏ㒬,݂܂
06363,M`,ӂȂ܂
06364,^쒬,܂ނ낪܂
06365,呠,ނ
06366,쑺,ނ
06367,ˑ,Ƃނ
06380,uS,Ђ܂
06381,,͂܂
06382,쐼,ɂ܂
06400,uS,ɂ܂
06401,,ɂ܂
06402,钬,炽܂
06403,іL,ł܂
06420,cS,Ђ킮
06426,O쒬,݂܂
06428,,傤Ȃ܂
06460,OCS,݂
06461,V,䂴܂
07201,s,ӂ܂
07202,Îᏼs,Â킩܂
07203,SRs,܂
07204,s,킫
07205,͎s,炩킵
07207,{s,킵
07208,쑽s,
07209,ns,܂
07210,{s,ɂق܂
07211,cs,ނ炵
07212,쑊ns,݂Ȃ݂܂
07213,ɒBs,Ă
07214,{{s,Ƃ݂₵
07300,ɒBS,Ă
07301,Kܒ,܂
07303,,ɂ݂܂
07308,얓,܂܂
07320,BS,
07322,ʑ,܂ނ
07340,␣S,킹
07342,Β,݂܂
07344,Vh,Ă񂦂ނ
07360,ÌS,݂Ȃ݂Â
07362,,܂
07364,w},Ђ̂܂ނ
07367,,݂܂
07368,Ò,݂Ȃ݂Â܂
07400,떃S,܂
07402,k,΂ނ
07405,Ò,ɂÂ܂
07407,֒,΂񂾂܂
07408,c㒬,Ȃ킵܂
07420,͏S,ʂ܂
07421,Í≺,Â΂񂰂܂
07422,쑺,䂪ނ
07423,Ò,ȂÂ܂
07440,S,ʂ܂
07444,O,݂܂܂
07445,R,˂܂܂
07446,a,傤ނ
07447,Ô,Â݂Ƃ܂
07460,͌S,ɂ炩킮
07461,,ɂނ
07464,葺,݂ނ
07465,,Ȃ܂ނ
07466,,Ԃ܂
07480,S,Ђ炩킮
07481,Iq,Ȃ܂
07482,Ւ,܂܂
07483,,͂Ȃ܂
07484,L쑺,߂ނ
07500,ΐS,킮
07501,ΐ쒬,܂
07502,ʐ쑺,܂ނ
07503,c,Ђ炽ނ
07504,쒬,܂
07505,Óa,ӂǂ̂܂
07520,cS,ނ炮
07521,Ot,݂͂܂
07522,쒬,̂܂
07540,otS,ӂ΂
07541,L쒬,Ђ̂܂
07542,t,Ȃ͂܂
07543,x,Ƃ݂܂
07544,,키ނ
07545,F,܂܂
07546,ot,ӂ΂܂
07547,Q],Ȃ݂܂
07548,,炨ނ
07560,nS,܂
07561,Vn,񂿂܂
07564,ъڑ,Ăނ
08201,ˎs,݂Ƃ
08202,s,Ђ
08203,yYs,炵
08204,É͎s,
08205,Ήs,
08207,s,䂤
08208,,イ
08210,Ȏs,܂
08211,푍s,傤
08212,헤cs,Ђ
08214,s,͂
08215,ks,΂炫
08216,}Ԏs,܂
08217,s,Ƃł
08219,vs,
08220,s,
08221,s,ЂȂ
08222,s,܂
08223,s,
08224,Js,₵
08225,헤{s,Ђ݂₵
08226,߉ώs,Ȃ
08227,}s,
08228,Ⓦs,΂ǂ
08229,~s,Ȃ
08230,s,݂
08231,s,炪킵
08232,_s,݂
08233,ss,Ȃ߂
08234,gcs,ق
08235,s,΂݂炢
08236,ʎs,݂܂
08300,S,Ђ΂炫
08302,钬,΂炫܂
08309,,炢܂
08310,闢,낳Ƃ܂
08340,߉όS,Ȃ
08341,C,Ƃނ
08360,vS,
08364,q,܂
08440,~S,Ȃ
08442,Y,݂قނ
08443,,݂܂
08447,͓,킿܂
08520,S,䂤
08521,㒬,₿܂
08540,S,܂
08542,܉,܂
08546,,܂
08560,knS,܂
08564,,Ƃ˂܂
09201,Fs{s,݂̂₵
09202,s,
09203,Ȗ؎s,Ƃ
09204,s,̂
09205,s,ʂ܂
09206,s,ɂ
09208,Rs,܂
09209,^s,
09210,cs,炵
09211,s,₢
09213,ߐ{s,Ȃ΂炵
09214,s,
09215,ߐ{GRs,Ȃ炷܂
09216,s,
09300,͓S,킿
09301,O쒬,݂̂܂
09340,FS,͂
09342,vq,܂܂
09343,Ζؒ,Ă܂
09344,sL,܂
09345,F꒬,͂܂
09360,sS,
09361,p,݂Ԃ܂
09364,ؒ,̂܂
09380,JS,₮
09384,J,܂
09386,,˂܂
09400,ߐ{S,Ȃ
09407,ߐ{,Ȃ܂
09411,߉ϐ쒬,Ȃ܂
10201,Os,܂΂
10202,s,
10203,ːs,イ
10204,ɐs,
10205,cs,
10206,cs,ʂ܂
10207,ٗюs,Ă΂₵
10208,as,Ԃ킵
10209,s,ӂ
10210,xs,Ƃ݂
10211,s,Ȃ
10212,s,݂ǂ
10340,kQnS,܂
10344,Y,Ƃނ
10345,g,悵܂
10360,S,̂
10366,쑺,̂ނ
10367,_,Ȃ܂
10380,ÊyS,炮
10382,mc,ɂ܂
10383,q,Ȃނ
10384,Êy,܂
10420,ȌS,܂
10421,V,Ȃ̂傤܂
10424,쌴,Ȃ̂͂܂
10425,ڗ,܂ނ
10426,Ò,܂
10428,R,܂ނ
10429,Ȓ,Ђ܂܂
10440,S,Ƃ˂
10443,Еi,Ȃނ
10444,ꑺ,΂ނ
10448,a,傤ނ
10449,,݂Ȃ
10460,gS,킮
10464,ʑ,܂ނ܂
10520,WyS,炮
10521,q,܂
10522,a,߂܂
10523,c,悾܂
10524,,݂܂
10525,Wy,܂
11100,s,
11101,,ɂ
11102,k,
11103,{,݂₭
11104,,݂ʂ܂
11105,,イ
11106,,炭
11107,Ya,킭
11108,,݂Ȃ݂
11109,΋,݂ǂ肭
11110,΋,
11201,zs,킲
11202,FJs,܂₵
11203,s,킮
11206,scs,傤
11207,s,Ԃ
11208,s,Ƃ내킵
11209,є\s,͂̂
11210,{s,
11211,{s,ق񂶂傤
11212,Rs,Ђ܂܂
11214,ts,ׂ
11215,Rs,܂
11216,Hs,͂ɂイ
11217,s,̂
11218,[Js,ӂ₵
11219,s,
11221,s,
11222,zJs,₵
11223,ns,т
11224,˓cs,Ƃ
11225,Ԏs,܂
11227,s,
11228,u؎s,
11229,as,킱
11230,Vs,ɂ
11231,s,킵
11232,vs,
11233,k{s,Ƃ
11234,s,₵
11235,xms,ӂ݂
11237,Os,݂Ƃ
11238,@cs,͂
11239,ˎs,ǂ
11240,Ks,Ă
11241,,邪܂
11242,s,Ђ
11243,gs,悵킵
11245,s,ӂ
11246,s,炨
11300,kS,
11301,ɓޒ,Ȃ܂
11320,ԌS,܂
11324,OF,݂悵܂
11326,јCR,܂܂
11327,z,܂
11340,S,Ђ
11341,쒬,Ȃ߂܂
11342,R,񂴂܂
11343,쒬,܂
11346,쓇,킵܂܂
11347,g,悵݂܂
11348,R,͂Ƃ܂܂
11349,,Ƃ
11360,S,Ԃ
11361,,悱܂
11362,F쒬,݂Ȃ̂܂
11363,Ғ,ȂƂ܂
11365,쒬,̂܂
11369,,ЂԂނ
11380,ʌS,܂
11381,,݂Ƃ܂
11383,_쒬,݂܂
11385,㗢,݂Ƃ܂
11400,嗢S,Ƃ
11408,񋏒,肢܂
11440,ʌS,݂Ȃ݂܂
11442,{㒬,݂₵܂
11460,kS,
11464,˒,Ƃ܂
11465,,܂Ԃ܂
12100,ts,΂
12101,,イ
12102,Ԍ,͂Ȃ݂킭
12103,ы,Ȃ
12104,t,킩΂
12105,΋,݂ǂ肭
12106,l,݂͂܂
12202,qs,傤
12203,ss,킵
12204,Ds,ӂȂ΂
12205,َRs,Ă܂
12206,؍XÎs,Â
12207,ˎs,܂ǂ
12208,cs,̂
12210,Όs,΂炵
12211,cs,Ȃ肽
12212,qs,炵
12213,s,Ƃ˂
12215,s,Ђ
12216,Kus,Ȃ炵̂
12217,s,킵
12218,Ys,炵
12219,ss,͂炵
12220,Rs,Ȃ܂
12221,s,₿悵
12222,䑷qs,т
12223,s,킵
12224,,܂₵
12225,NÎs,݂
12226,xÎs,ӂ
12227,Ys,₷
12228,lXs,ǂ
12229,,ł炵
12230,Xs,₿܂
12231,󐼎s,񂴂
12232,s,낢
12233,xs,Ƃ݂Ƃ
12234,[s,݂Ȃ݂ڂ
12235,xs,
12236,s,Ƃ肵
12237,Rs,ނ
12238,s,
12239,Ԕs,݂炳Ƃ
12320,׌S,΂
12322,,܂
12329,h,܂
12340,S,Ƃ肮
12342,_蒬,܂
12347,Ò,܂
12349,,Ƃ̂傤܂
12400,RS,Ԃ
12403,\㗢,イ܂
12409,ŎR,΂܂܂
12410,Ō,悱΂Ђ܂
12420,S,傤
12421,{,݂̂܂
12422,r,ނ܂
12423,,傤ނ
12424,q,炱܂
12426,,Ȃ܂
12427,쒬,傤Ȃ܂
12440,΋S,݂
12441,命쒬,܂
12443,h,񂶂キ܂
12460,[S,킮
12463,쒬,Ȃ܂
13100,ʋ敔,Ƃׂ
13101,c,悾
13102,,イ
13103,`,݂ȂƂ
13104,Vh,񂶂キ
13105,,Ԃ񂫂傤
13106,䓌,Ƃ
13107,nc,݂
13108,],Ƃ
13109,i,Ȃ킭
13110,ڍ,߂낭
13111,c,
13112,cJ,₭
13113,aJ,Ԃ₭
13114,,Ȃ̂
13115,,Ȃ݂
13116,L,Ƃ܂
13117,k,
13118,r,炩킭
13119,,΂
13120,n,˂܂
13121,,
13122,,
13123,]ː,ǂ킭
13201,qs,͂
13202,s,킵
13203,s,ނ̂
13204,Os,݂
13205,~s,߂
13206,{s,ӂイ
13207,s,܂
13208,zs,傤ӂ
13209,cs,܂
13210,s,˂
13211,s,炵
13212,s,Ђ̂
13213,Rs,Ђނ܂
13214,s,Ԃ񂶂
13215,s,ɂ
13218,s,ӂ
13219,]s,܂
13220,as,Ђ܂Ƃ
13221,s,悹
13222,vĎs,Ђ߂
13223,Rs,ނނ܂
13224,s,܂
13225,s,Ȃ
13227,Hs,͂ނ炵
13228,s,
13229,s,ɂƂ傤
13300,S,ɂ܂
13303,䒬,݂ق܂
13305,,
13307,w,Ђ̂͂ނ
13308,,܂܂
13360,哇x,܂傤
13361,哇,܂܂
13362,,Ƃ܂ނ
13363,V,ɂ܂ނ
13364,_Ó,Â܂ނ
13380,Ox,݂₯傤
13381,O,݂₯ނ
13382,䑠,݂炶܂ނ
13400,x,͂傤傤
13401,䒬,͂傤܂
13402,,܂ނ
13420,}x,炵傤
13421,},ނ
14100,ls,悱͂܂
14101,ߌ,݂
14102,_ސ,Ȃ킭
14103,,ɂ
14104,,Ȃ
14105,,݂Ȃ݂
14106,ۓy,قǂ₭
14107,q,
14108,,Ȃ킭
14109,`k,ق
14110,˒ˋ,Ƃ
14111,`,Ȃ
14112,,Ђ
14113,΋,݂ǂ肭
14114,J,₭
14115,h,
14116,,݂
14117,t,΂
14118,s},Â
14130,s,킳
14131,,킳
14132,K,킢
14133,,Ȃ͂炭
14134,Ë,
14135,,܂
14136,{O,݂܂
14137,,
14150,͌s,݂͂炵
14151,΋,݂ǂ肭
14152,,イ
14153,,݂Ȃ݂
14201,{s,悱
14203,ˎs,Ђ
14204,qs,܂炵
14205,s,ӂ킵
14206,cs,炵
14207,,
14208,qs,
14210,OYs,݂炵
14211,`s,͂̂
14212,؎s,
14213,as,܂Ƃ
14214,ɐs,͂炵
14215,CVs,тȂ
14216,Ԏs,܂
14217,쑫s,݂Ȃ݂炵
14218,s,₹
14300,OYS,݂炮
14301,tR,͂܂܂
14320,S,
14321,쒬,ނ܂
14340,S,Ȃ
14341,钬,܂
14342,{,ɂ݂̂܂
14360,S,炩݂
14361,䒬,Ȃ܂
14362,䒬,܂
14363,c,܂܂
14364,Rk,܂܂
14366,J,܂
14380,S,炵
14382,,͂˂܂
14383,^ߒ,܂Ȃ܂
14384,͌,䂪܂
14400,bS,
14401,쒬,܂
14402,쑺,悩ނ
15100,Vs,ɂ
15101,k,
15102,,Ђ
15103,,イ
15104,],Ȃ
15105,Ht,͂
15106,,݂Ȃ݂
15107,,ɂ
15108,,ɂ
15202,s,Ȃ
15204,Os,񂶂傤
15205,s,킴
15206,Vcs,΂
15208,Js,₵
15209,Ύs,
15210,\s,Ƃ܂
15211,s,݂
15212,s,ނ炩݂
15213,s,΂߂
15216,s,Ƃ킵
15217,s,݂傤
15218,ܐs,
15222,zs,傤
15223,s,̂
15224,ns,ǂ
15225,s,ʂ܂
15226,싛s,݂Ȃ݂ʂ܂
15227,ٓs,Ȃ
15300,kS,΂炮
15307,Ē,낤܂
15340,S,ɂ΂炮
15342,F,Ђނ
15360,슗S,݂Ȃ݂΂炮
15361,c㒬,݂܂
15380,S,Ђ΂炮
15385,꒬,܂
15400,OS,Ƃ
15405,o_蒬,܂
15460,싛S,݂Ȃ݂ʂ܂
15461,,䂴܂
15480,S,Ȃʂ܂
15482,Ó쒬,Ȃ܂
15500,HS,킮
15504,H,ނ
15580,DS,ӂ˂
15581,֐쑺,ނ
15586,Y,킵܂ނ
16201,xRs,Ƃ܂
16202,s,
16204,Îs,Â
16205,Xs,Ђ݂
16206,s,Ȃ߂肩킵
16207,s,ׂ
16208,vgs,ƂȂ݂
16209,s,ׂ
16210,vs,ȂƂ
16211,ːs,݂
16320,VS,Ȃɂ킮
16321,M,ӂȂ͂ނ
16322,s,݂܂
16323,R,Ă܂܂
16340,VS,ɂ킮
16342,P,ɂイ܂
16343,,Ђ܂
17201,s,Ȃ킵
17202,s,ȂȂ
17203,s,܂
17204,֓s,킶܂
17205,Fs,
17206,s,
17207,Hs,͂
17209,s,ق
17210,Rs,͂
17211,\s,݂̂
17212,,̂̂
17320,\S,݂̂
17324,k,킫܂
17360,͖kS,ق
17361,Ô,΂܂
17365,咬,Ȃ܂
17380,HS,͂
17384,u꒬,܂
17386,Bu,ق݂傤
17400,S,܂
17407,\o,Ȃ̂Ƃ܂
17460,PS,ق
17461,,Ȃ݂܂
17463,\o,̂Ƃ傤
18201,s,ӂ
18202,։s,邪
18204,ls,΂܂
18205,s,̂
18206,Rs,܂
18207,I]s,΂
18208,s,
18209,zOs,
18210,s,
18320,gcS,悵
18322,i,ւ傤
18380,S,܂Ă
18382,rc,傤
18400,S,Ȃ񂶂傤
18404,zO,݂Ȃ݂񂿂傤
18420,OS,ɂイ
18423,zO,񂿂傤
18440,OS,݂
18442,l,݂͂܂傤
18480,ьS,
18481,l,͂܂傤
18483,,
18500,O㒆S,݂݂Ȃ
18501,ዷ,킩傤
19201,b{s,ӂ
19202,xmgcs,ӂ悵
19204,ss,邵
19205,Rs,܂Ȃ
19206,匎s,
19207,Bs,ɂ炳
19208,,݂Ȃ݂Ղ
19209,kms,قƂ
19210,bs,
19211,Js,ӂӂ
19212,쌴s,̂͂炵
19213,bBs,イ
19214,s,イ
19340,S,ɂ낮
19346,sO,݂Ƃ傤
19360,싐S,݂Ȃ݂܂
19364,쒬,͂₩킿傤
19365,g,݂̂Ԃ傤
19366,암,ȂԂ傤
19368,xm쒬,ӂ킿傤
19380,S,Ȃ܂
19384,a,傤킿傤
19420,sS,݂Ȃ݂邮
19422,u,ǂނ
19423,j,ɂ炿傤
19424,E쑺,̂ނ
19425,RΑ,܂Ȃނ
19429,,Ȃ邳ނ
19430,xm͌Β,ӂ킮܂
19440,ksS,邮
19442,,ނ
19443,OgR,΂܂ނ
20201,s,Ȃ̂
20202,{s,܂Ƃ
20203,cs,
20204,Js,₵
20205,ѓcs,
20206,zKs,킵
20207,{s,
20208,s,낵
20209,ɓߎs,Ȃ
20210,,܂˂
20211,s,Ȃ̂
20212,咬s,܂
20213,юRs,܂
20214,s,̂
20215,Ks,肵
20217,vs,
20218,Ȏs,܂
20219,s,Ƃ݂
20220,ܖs,Â݂̂
20300,썲vS,݂Ȃ݂
20303,C,݂܂
20304,㑺,킩݂ނ
20305,q,݂Ȃ݂܂ނ
20306,쑊ؑ,݂Ȃ݂ނ
20307,kؑ,ނ
20309,v䒬,ق܂
20320,kvS,
20321,y,邢܂
20323,c,݂悽܂
20324,Ȓ,ĂȂ܂
20340,S,
20349,ؑ,ނ
20350,a,Ȃ܂
20360,zKS,킮
20361,zK,܂
20362,xm,ӂ݂܂
20363,,͂ނ
20380,ɓߌS,݂Ȃ
20382,C쒬,̂܂
20383,֒,݂̂܂
20384,ѓ,܂܂
20385,얥֑,݂Ȃ݂݂̂ނ
20386,쑺,Ȃނ
20388,{c,݂₾ނ
20400,ɓߌS,Ȃ
20402,쒬,܂܂
20403,X,܂
20404,쒬,Ȃ񂿂傤
20407,q,ނ
20409,J,Ђނ
20410,H,˂΂ނ
20411,,傤ނ
20412,ؑ,邬ނ
20413,V,Ăイނ
20414,ו,₷ނ
20415,ؑ,ނ
20416,Lu,Ƃ您ނ
20417,厭,ނ
20420,ؑ]S,
20422,㏼,܂܂
20423,ؑ],Ȃ܂
20425,ؑc,ނ
20429,ꑺ,ނ
20430,K,ނ
20432,ؑ],܂
20440,}S,Ђ܂
20446,ё,݂ނ
20448,⑺,ނ
20450,R`,܂ނ
20451,,Ђނ
20452,}k,قނ
20480,k܌S,݂
20481,rc,܂
20482,쑺,܂ނ
20485,n,͂΂ނ
20486,J,ނ
20520,ȌS,͂ɂȂ
20521,钬,܂
20540,㍂S,݂
20541,z{,Ԃ܂
20543,R,܂ނ
20560,S,
20561,R,܂̂܂
20562,ؓ,܂ނ
20563,򉷐,̂킨񂹂ނ
20580,㐅S,݂݂̂
20583,MZ,Ȃ̂܂
20588,쑺,ނ
20590,эj,ÂȂ܂
20600,S,݂̂
20602,h,ނ
21201,򕌎s,ӂ
21202,_s,
21203,Rs,܂
21204,s,݂
21205,֎s,
21206,Ðs,Ȃ킵
21207,Zs,݂̂
21208,Qs,݂Ȃ݂
21209,Hs,͂܂
21210,bߎs,Ȃ
21211,ZΎs,݂̂
21212,ys,Ƃ
21213,es,݂͂炵
21214,s,ɂ
21215,Rs,܂
21216,s,݂ق
21217,ˎs,Ђ
21218,{s,Ƃ
21219,Ss,傤
21220,Cs,낵
21221,CÎs,Â
21300,HS,͂܂
21302,쒬,Ȃ񂿂傤
21303,},܂傤
21340,{VS,悤낤
21341,{V,悤낤傤
21360,sjS,ӂ킮
21361,䒬,邢傤
21362,,͂炿傤
21380,S,ς
21381,_˒,ǂ傤
21382,֔V,̂傤
21383,,ς傤
21400,KS,т
21401,K쒬,т킿傤
21403,쒬,̂傤
21404,rc,傤
21420,{S,Ƃ
21421,k,傤
21500,ΌS,
21501,j,ق傤
21502,x,Ƃ݂傤
21503,Ӓ,ׂ傤
21504,@,Ђ傤
21505,SÒ,₨傤
21506,쒬,炩킿傤
21507,쑺,Ђ炩ނ
21520,S,ɂ
21521,䐓,݂傤
21600,S,̂
21604,쑺,炩ނ
22100,És,
22101,,
22102,x͋,邪
22103,,݂
22130,ls,͂܂܂
22131,,Ȃ
22132,,Ђ
22133,,ɂ
22134,,݂Ȃ݂
22135,k,
22136,lk,͂܂
22137,V,Ăイ
22203,Îs,ʂ܂Â
22205,MCs,݂
22206,Os,݂܂
22207,xm{s,ӂ݂̂₵
22208,ɓs,Ƃ
22209,cs,܂
22210,xms,ӂ
22211,֓cs,킽
22212,ĒÎs,₢Â
22213,|s,킵
22214,}s,ӂ
22215,as,Ă΂
22216,܈s,ӂ낢
22219,cs,
22220,s,̂
22221,ΐs,
22222,ɓs,
22223,Os,܂
22224,es,킵
22225,ɓ,
22226,qVs,܂̂͂炵
22300,ΌS,
22301,ɓ,Ђ傤
22302,͒Ò,Â傤
22304,ɓ,݂Ȃ݂傤
22305,蒬,܂傤
22306,ɓ,ɂ傤
22320,cS,
22325,쒬,Ȃ݂傤
22340,xS,Ƃ
22341,,݂傤
22342,,Ȃ݂傤
22344,R,܂傤
22420,YS,͂΂炮
22424,gc,悵傤
22429,썪{,˂ق񂿂傤
22460,qS,イ
22461,X,܂
23100,És,Ȃ₵
23101,,
23102,,Ђ
23103,k,
23104,,ɂ
23105,,Ȃނ炭
23106,,Ȃ
23107,a,傤킭
23108,,݂ق
23109,Mc,
23110,,Ȃ킭
23111,`,݂ȂƂ
23112,,݂Ȃ݂
23113,R,܂
23114,΋,݂ǂ肭
23115,,߂Ƃ
23116,V,Ăς
23201,Ls,Ƃ͂
23202,s,
23203,{s,݂̂₵
23204,ˎs,Ƃ
23205,cs,͂񂾂
23206,ts,
23207,Ls,Ƃ悩킵
23208,Ós,܂
23209,ɓs,ւȂ
23210,Js,₵
23211,Lcs,Ƃ悽
23212,s,񂶂傤
23213,s,ɂ
23214,Ss,܂肵
23215,Rs,ʂ܂
23216,튊s,ƂȂ߂
23217,]s,Ȃ
23219,qs,܂
23220,s,Ȃ킵
23221,Vs,񂵂낵
23222,Cs,Ƃ
23223,{s,Ԃ
23224,ms,
23225,ms,イ
23226,s,肠Ђ
23227,ls,͂܂
23228,qs,킭炵
23229,Ls,Ƃ悠
23230,is,ɂ
23231,cs,͂炵
23232,s,
23233,{s,悷
23234,kÉs,Ȃ₵
23235,xs,Ƃ݂
23236,s,݂悵
23237,s,
23238,vs,ȂĂ
23300,mS,
23302,,Ƃ傤
23340,tS,ɂ
23342,LR,Ƃ܂傤
23360,OHS,ɂ킮
23361,,傤
23362,}K,ӂ傤
23420,CS,܂
23424,厡,͂邿傤
23425,I],ɂ傤
23427,򓇑,Ƃт܂ނ
23440,mS,
23441,v䒬,傤
23442,Y,Ђ炿傤
23445,m,݂Ȃ݂傤
23446,l,݂͂܂傤
23447,L,Ƃ悿傤
23500,zcS,ʂ
23501,Kc,傤
23560,k݊yS,炮
23561,݊y,炿傤
23562,h,Ƃ傤
23563,L,Ƃ˂ނ
24201,Îs,
24202,lss,
24203,ɐs,
24204,s,܂
24205,Ks,Ȃ
24207,鎭s,
24208,s,Ȃ΂肵
24209,hs,킹
24210,TRs,߂܂
24211,Hs,Ƃ΂
24212,Fs,܂̂
24214,s,Ȃ
24215,us,܂
24216,ɉs,
24300,KS,Ȃ
24303,ؑ],傤
24320,ٌS,Ȃׂ
24324,,Ƃ񂿂傤
24340,OdS,݂
24341,Ԗ쒬,̂傤
24343,,Ђ傤
24344,z,킲傤
24440,CS,
24441,C,傤
24442,a,߂킿傤
24443,䒬,傤
24460,xS,킽炢
24461,ʏ钬,܂傤
24470,x,킽炢傤
24471,I,傤
24472,ɐ,݂Ȃ݂傤
24540,kKS,ނ낮
24543,Ik,ق傤
24560,어KS,݂Ȃ݂ނ낮
24561,l,݂͂܂傤
24562,I,ق傤
25201,Îs,
25202,Fs,Ђ˂
25203,ls,Ȃ͂܂
25204,ߍ]s,݂͂܂
25206,Îs,
25207,Rs,܂
25208,Is,Ƃ
25209,bs,
25210,Fs,₷
25211,Γs,Ȃ
25212,s,܂
25213,ߍ]s,Ђ݂
25214,Čs,܂΂炵
25380,S,
25383,쒬,Ђ̂傤
25384,,イ傤
25420,mS,
25425,,傤傤
25440,S,ʂ݂
25441,L,Ƃ悳Ƃ傤
25442,bǒ,炿傤
25443,꒬,傤
26100,ss,傤Ƃ
26101,k,
26102,㋞,݂傤
26103,,傤
26104,,Ȃ傤
26105,R,Ђ܂
26106,,傤
26107,,݂Ȃ݂
26108,E,傤
26109,,ӂ݂
26110,Rȋ,܂Ȃ
26111,,ɂ傤
26201,mRs,ӂ܂
26202,ߎs,܂Â邵
26203,s,ׂ
26204,Fs,
26205,{Îs,݂Â
26206,Ts,߂
26207,zs,傤悤
26208,s,ނ
26209,s,Ȃ傤
26210,s,킽
26211,cӎs,傤Ȃׂ
26212,Os,傤񂲂
26213,Os,Ȃ񂽂
26214,ؒÐs,Â킵
26300,PS,Ƃɂ
26303,R蒬,܂傤
26320,vS,
26322,vR,݂܂傤
26340,ԊS,Â
26343,蒬,ł傤
26344,Fc,炿傤
26360,yS,炭
26364,}u,傤
26365,a,Â傤
26366,ؒ,傤
26367,R鑺,݂Ȃ݂܂ނ
26400,DS,ӂȂ
26407,Og,傤΂傤
26460,^ӌS,悳
26463,ɍ,˂傤
26465,^Ӗ쒬,悳̂傤
27100,s,
27102,s,݂₱܂
27103,,ӂ܂
27104,ԋ,̂͂Ȃ
27106,,ɂ
27107,`,݂ȂƂ
27108,吳,傤
27109,V,Ă̂
27111,Q,Ȃɂ킭
27113,,ɂǂ킭
27114,,Ђǂ킭
27115,,ЂȂ肭
27116,,̂
27117,,Ђ
27118,铌,傤Ƃ
27119,{,ׂ̂
27120,Zg,݂悵
27121,Zg,Ђ݂悵
27122,,ɂȂ肭
27123,,ǂ킭
27124,ߌ,݂
27125,ZV],݂̂
27126,,Ђ̂
27127,k,
27128,,イ
27140,s,
27141,,
27142,,Ȃ
27143,,Ђ
27144,,ɂ
27145,,݂Ȃ݂
27146,k,
27147,,݂͂炭
27202,ݘacs,킾
27203,Ls,ƂȂ
27204,rcs,
27205,cs,
27206,Îs,݂
27207,Ύs,
27208,Lˎs,Â
27209,s,肮
27210,s,Ђ炩
27211,؎s,΂炫
27212,s,₨
27213,򍲖s,݂̂
27214,xcюs,Ƃ񂾂΂₵
27215,Qs,˂₪킵
27216,͓s,킿Ȃ̂
27217,s,܂΂炵
27218,哌s,Ƃ
27219,as,݂
27220,ʎs,݂̂
27221,s,炵
27222,Hgs,͂т̂
27223,^s,ǂ܂
27224,ےÎs,
27225,Ύs,
27226,䎛s,ӂł炵
27227,s,Ђ
27228,s,Ȃ
27229,ls,傤ȂĂ
27230,s,̂
27231,㋷Rs,܂
27232,s,͂Ȃ
27300,OS,݂܂
27301,{,܂Ƃ傤
27320,L\S,Ƃ̂
27321,L\,Ƃ̂傤
27322,\,̂傤
27340,kS,ڂ
27341,,傤
27360,S,Ȃ񂮂
27361,F撬,܂Ƃ肿傤
27362,cK,肿傤
27366,,݂傤
27380,͓S,݂Ȃ݂킿
27381,q,傤
27382,͓쒬,Ȃ񂿂傤
27383,瑁ԍ㑺,͂₠ނ
28100,_ˎs,ׂ
28101,,ЂȂ
28102,,Ȃ
28105,ɋ,Ђ傤
28106,c,Ȃ
28107,{,܂
28108,,݂
28109,k,
28110,,イ
28111,,ɂ
28201,PHs,Ђ߂
28202,s,܂
28203,Ύs,
28204,{s,ɂ݂̂₵
28205,F{s,Ƃ
28206,s,₵
28207,ɒOs,݂
28208,s,
28209,Ls,Ƃ您
28210,Ðs,킵
28212,ԕs,
28213,es,ɂ킫
28214,ˎs,Â
28215,O؎s,݂
28216,s,
28217,쐼s,ɂ
28218,s,̂
28219,Ocs,񂾂
28220,s,
28221,Rs,܂
28222,{s,Ԃ
28223,Ogs,΂
28224,,킶
28225,s,
28226,WHs,킶
28227,s,
28228,s,Ƃ
28229,s,
28300,ӌS,ׂ
28301,쒬,Ȃ킿傤
28360,S,
28365,,傤
28380,ÌS,
28381,,Ȃ݂傤
28382,d,͂܂傤
28440,_S,񂴂
28442,s쒬,킿傤
28443,蒬,ӂ傤
28446,_͒,݂킿傤
28460,KیS,ڂ
28464,q,傤
28480,ԕS,
28481,S,݂肿傤
28500,pS,悤
28501,p,悤傤
28580,S,݂
28585,,݂傤
28586,V,񂨂񂹂񂿂傤
29201,ޗǎs,Ȃ炵
29202,acs,܂Ƃ
29203,aSRs,܂Ƃ܂
29204,Vs,Ă肵
29205,s,͂炵
29206,s,炢
29207,ܞs,傤
29208,䏊s,
29209,s,܂
29210,Ŏs,΂
29211,s,炬
29212,FɎs,
29320,RӌS,܂ׂ
29322,RY,܂ނ
29340,S,܂
29342,Q,ւ肿傤
29343,O,񂲂傤
29344,,邪傤
29345,g,ǂ傤
29360,S,
29361,쐼,ɂ傤
29362,O,݂₯傤
29363,c{,Ƃ傤
29380,FɌS,
29385,],ɂނ
29386,,݂ނ
29400,sS,
29401,撬,Ƃ肿傤
29402,,ނ
29420,kS,炬
29424,q,܂傤
29425,,傤
29426,L˒,傤傤
29427,͍,킢傤
29440,gS,悵̂
29441,g쒬,悵̂傤
29442,嗄,ǂ傤
29443,s,傤
29444,ꑺ,낽ނ
29446,V쑺,Ă񂩂ނ
29447,씗쑺,̂ނ
29449,\Ð쑺,Ƃނ
29450,kR,܂ނ
29451,kR,݂܂ނ
29452,㑺,킩݂ނ
29453,g쑺,Ђ悵̂ނ
30201,a̎Rs,킩܂
30202,Cs,Ȃ
30203,{s,͂Ƃ
30204,Lcs,肾
30205,Vs,ڂ
30206,cӎs,Ȃׂ
30207,V{s,񂮂
30208,I,
30209,os,ł
30300,CS,
30304,I쒬,݂̂傤
30340,ɓsS,Ƃ
30341,,炬
30343,xR,ǂ܂傤
30344,쒬,₿傤
30360,LcS,肽
30361,,䂠傤
30362,L쒬,Ђ낪킿傤
30366,Lc쒬,肾킿傤
30380,S,Ђ
30381,l,݂͂܂傤
30382,,Ђ傤
30383,Rǒ,炿傤
30390,쒬,Ȃ݂傤
30391,,݂Ȃ
30392,쒬,Ђ킿傤
30400,KS,ɂނ낮
30401,l,͂܂傤
30404,xc,݂Ƃ񂾂傤
30406,,
30420,KS,Ђނ낮
30421,ߒqY,Ȃ炿傤
30422,n,傤
30424,Í쒬,킿傤
30427,kR,܂ނ
30428,{,Ƃ傤
31201,s,ƂƂ肵
31202,Ďqs,Ȃ
31203,qgs,悵
31204,`s,݂ȂƂ
31300,S,݂
31302,,݂傤
31320,S,₸
31325,,킩傤
31328,q,傤
31329,,₸傤
31360,S,Ƃ͂
31364,O,݂傤
31370,l,͂܂傤
31371,ՉY,Ƃ炿傤
31372,kh,ق傤
31380,S,͂
31384,gÑ,ЂÂ
31386,R,񂿂傤
31389,암,ȂԂ傤
31390,˒,ق傤
31400,S,Ђ̂
31401,쒬,ɂȂ񂿂傤
31402,쒬,Ђ̂傤
31403,]{,ӂ傤
32201,]s,܂
32202,lcs,͂܂
32203,o_s,
32204,vcs,܂
32205,cs,
32206,s,₷
32207,]Îs,
32209,_s,Ȃ
32340,mS,ɂ
32343,o_,傤
32380,ѐΌS,
32386,ѓ쒬,Ȃ񂿂傤
32440,WqS,
32441,{,Ƃ܂
32448,,݂Ƃ傤
32449,W쒬,Ȃ񂿂傤
32500,S,̂
32501,Øa쒬,̂傤
32505,g꒬,悵傤
32520,BS,
32525,Cm,܂傤
32526,,ɂ̂܂傤
32527,mv,Ԃނ
32528,B,
33100,Rs,܂
33101,k,
33102,,Ȃ
33103,,Ђ
33104,,݂Ȃ݂
33202,q~s,炵
33203,ÎRs,܂
33204,ʖs,܂̂
33205,}s,
33207,䌴s,΂炵
33208,Ўs,Ⴕ
33209,s,͂
33210,Vs,ɂ݂
33211,Os,т
33212,˓s,Ƃ
33213,Ԕ֎s,킵
33214,^s,܂ɂ킵
33215,s,݂܂
33216,s,
33340,aCS,킯
33346,aC,킯傤
33420,sES,ڂ
33423,,͂₵܂傤
33440,S,
33445,,Ƃ傤傤
33460,cS,
33461,|,₩傤
33580,^S,܂ɂ킮
33586,V,񂶂傤
33600,ϓcS,Ƃ܂
33606,쒬,݂̂傤
33620,cS,
33622,,傤傤
33623,ދ`,Ȃ傤
33640,pcS,
33643,q,ɂ킭炻
33660,vČS,߂
33663,vē쒬,߂Ȃ񂿂傤
33666,璬,݂傤
33680,S,
33681,g,тイ傤
34100,Ls,Ђ낵܂
34101,,Ȃ
34102,,Ђ
34103,,݂Ȃ݂
34104,,ɂ
34105,,݂Ȃ݂
34106,k,
34107,|,
34108,,
34202,s,ꂵ
34203,|s,͂炵
34204,Os,݂͂炵
34205,s,݂̂
34207,Rs,ӂ܂
34208,{s,ӂイ
34209,Os,݂悵
34210,s,傤΂炵
34211,|s,
34212,Ls,ЂЂ낵܂
34213,ss,͂
34214,|cs,
34215,]cs,܂
34300,|S,
34302,{,ӂイ傤
34304,Cc,傤
34307,F쒬,܂̂傤
34309,⒬,傤
34360,RS,܂
34368,|c,傤
34369,kL,Ђ낵܂傤
34420,LcS,Ƃ悽
34431,㓇,݂܂傤
34460,S,炮
34462,,炿傤
34540,_ΌS,񂹂
34545,_΍,񂹂񂿂傤
35201,֎s,̂
35202,Fs,ׂ
35203,Rs,܂
35204,s,͂
35206,h{s,قӂ
35207,s,܂
35208,⍑s,킭ɂ
35210,s,Ђ肵
35211,s,ȂƂ
35212,s,Ȃ
35213,Is,݂˂
35215,s,イȂ
35216,Rzcs,悤̂
35300,哇S,܂
35305,h哇,܂傤
35320,όS,
35321,aؒ,킫傤
35340,FьS,܂
35341,֒,݂̂傤
35343,cz{,Ԃ傤
35344,,Ђ炨傤
35500,S,Ԃ
35502,,Ԃ傤
36201,s,Ƃ܂
36202,s,ȂƂ
36203,s,܂܂
36204,s,Ȃ
36205,gs,悵̂킵
36206,gs,킵
36207,ns,݂܂
36208,ODs,݂悵
36300,YS,炮
36301,Y,炿傤
36302,㏟,݂傤
36320,S,݂傤ǂ
36321,߉͓,Ȃ
36340,S,݂傤
36341,Έ䒬,傤
36342,_R,݂܂傤
36360,߉S,Ȃ
36368,߉꒬,Ȃ傤
36380,CS,ӂ
36383,,ނ傤
36387,g,݂Ȃ݂傤
36388,Cz,悤傤
36400,S,̂
36401,Β,܂傤
36402,k,܂傤
36403,Z,݂傤
36404,쒬,̂傤
36405,,݂傤
36460,nS,݂܂
36468,,邬
36480,ODS,݂悵
36489,,݂悵
37201,s,܂
37202,ۋTs,܂邪߂
37203,os,ł
37204,Pʎs,
37205,ωs,񂨂񂶂
37206,s,ʂ
37207,,
37208,OLs,݂Ƃ悵
37320,S,傤
37322,y,Ƃ̂傤傤
37324,,傤ǂ܂傤
37340,ؓcS,
37341,Oؒ,݂傤
37360,S,킮
37364,,Ȃ܂傤
37380,̌S,₤
37386,FÒ,Â傤
37387,쒬,₪킿傤
37400,xS,Ȃǂ
37403,Օ,ƂЂ炿傤
37404,xÒ,ǂ傤
37406,,܂̂
38201,Rs,܂܂
38202,s,܂΂肵
38203,Fas,킶܂
38204,ls,킽͂܂
38205,Vls,ɂ͂܂
38206,s,傤
38207,Fs,
38210,ɗ\s,悵
38213,ls,イ
38214,\s,悵
38215,s,Ƃ
38340,zqS,
38356,㓇,݂܂傤
38380,㕂S,݂Ȃ
38386,v,܂񂿂傤
38400,ɗ\S,悮
38401,O,܂傤
38402,u,Ƃׂ傤
38420,쑽S,
38422,q,傤
38440,FaS,ɂ킮
38442,ɕ,傤
38480,kFaS,킮
38484,쒬,܂̂傤
38488,Sk,ق傤
38500,FaS,݂Ȃ݂킮
38506,쒬,Ȃ񂿂傤
39201,ms,
39202,ˎs,ނƂ
39203,|s,
39204,썑s,Ȃ񂱂
39205,ys,Ƃ
39206,{s,
39208,hюs,
39209,ys,Ƃ݂
39210,l\s,܂Ƃ
39211,s,Ȃ
39212,s,݂
39300,|S,
39301,m,Ƃ悤傤
39302,ޔ,Ȃ͂肿傤
39303,c쒬,̂傤
39304,c,₷傤
39305,k쑺,ނ
39306,nH,܂ނ
39307,|,ނ
39340,S,Ȃ
39341,{R,Ƃ܂傤
39344,L,Ƃ悿傤
39360,yS,Ƃ
39363,y,Ƃ傤
39364,쑺,ނ
39380,S,킮
39386,,
39387,m쒬,ɂǂ킿傤
39400,S,
39401,y,ȂƂ傤
39402,쒬,킿傤
39403,zm,傤
39405,,䂷͂炿傤
39410,,Ђނ
39411,Ö쒬,̂傤
39412,l\,܂Ƃ傤
39420,S,͂
39424,匎,傤
39427,O,݂͂ނ
39428,,낵傤
40100,kBs,イイ
40101,i,
40103,ᏼ,킩܂
40105,˔,Ƃ΂
40106,qk,炫
40107,q,݂Ȃ݂
40108,,͂Ђ
40109,,͂ɂ
40130,s,ӂ
40131,,Ђ
40132,,͂
40133,,イ
40134,,݂Ȃ݂
40135,,ɂ
40136,,傤Ȃ
40137,ǋ,炭
40202,喴cs,ނ
40203,vĎs,߂
40204,s,̂
40205,ђˎs,Â
40206,cs,킵
40207,s,Ȃ킵
40210,s,߂
40211,}s,
40212,s,킵
40213,ss,䂭͂
40214,LOs,Ԃ
40215,Ԏs,Ȃ܂
40216,Ss,肵
40217,}s,̂
40218,ts,
40219,s,̂傤
40220,@s,ނȂ
40221,ɕ{s,ӂ
40223,És,
40224,Îs,ӂ
40225,s,
40226,{s,݂킩
40227,Ös,܂
40228,qs,炵
40229,s,݂
40230,s,Ƃ܂
40300,}S,
40305,߉ϐ쒬,Ȃ܂
40340,S,₮
40341,F,݂܂
40342,I,܂
40343,uƒ,߂܂
40344,{b,܂
40345,V{,񂮂܂
40348,vR,Ђ܂܂
40349,,܂
40380,S,񂪂
40381,,܂
40382,,݂܂܂
40383,_,܂
40384,꒬,񂪂傤
40400,ƎS,Ă
40401,|,܂
40402,Ǝ蒬,Ă܂
40420,ÕS,ق
40421,j쒬,܂
40440,qS,炮
40447,}O,܂
40448,,Ƃقނ
40500,OS,݂
40503,品,炢܂
40520,OkS,݂܂
40522,ؒ,܂
40540,S,߂
40544,L쒬,Ђ납܂
40600,cS,킮
40601,t,܂
40602,Yc,܂
40604,c,Ƃ܂
40605,蒬,킳܂
40608,C,Ƃ܂
40609,ԑ,ނ
40610,q,ӂ܂
40620,sS,݂₱
40621,c,񂾂܂
40625,,݂₱
40640,zS,傤
40642,gx,悵Ƃ݂܂
40646,ђ,܂
40647,z㒬,傤܂
41201,s,
41202,Îs,
41203,s,Ƃ
41204,vs,
41205,ɖs,܂肵
41206,Ys,
41207,s,܂
41208,s,
41209,s,ꂵ̂
41210,_s,񂴂
41320,_S,񂴂
41327,g,悵̂肿傤
41340,O{S,݂₫
41341,R,܂傤
41345,,݂݂˂傤
41346,,݂₫
41380,YS,Ђ܂炮
41387,C,񂩂傤
41400,YS,ɂ܂炮
41401,Lc,肽傤
41420,nS,܂
41423,咬,܂傤
41424,]k,ق܂
41425,Β,낢傤
41440,ÌS,ӂ
41441,ǒ,炿傤
42201,s,Ȃ
42202,ێs,ڂ
42203,s,܂΂炵
42204,|s,͂₵
42205,呺s,ނ炵
42207,ˎs,Ђǂ
42208,Ys,܂炵
42209,Δns,܂
42210,s,
42211,ܓs,Ƃ
42212,Cs,
42213,_s,񂺂
42214,쓇s,݂Ȃ݂܂΂炵
42300,ދnS,ɂ̂
42307,^,Ȃ悿傤
42308,Ò,Ƃ傤
42320,ދnS,Ђ̂
42321,ދn,Ђ̂傤
42322,I,킽Ȃ傤
42323,g,݂͂傤
42380,kYS,܂炮
42383,l꒬,傤
42391,,傤
42400,쏼YS,݂Ȃ݂܂炮
42411,Vܓ,񂩂݂Ƃ傤
43100,F{s,܂Ƃ
43101,,イ
43102,,Ђ
43103,,ɂ
43104,,݂Ȃ݂
43105,k,
43202,s,낵
43203,lgs,ЂƂ悵
43204,rs,炨
43205,s,݂Ȃ܂
43206,ʖs,܂Ȃ
43208,Rs,܂
43210,ers,
43211,Fys,Ƃ
43212,Vs,݂܂
43213,Fs,
43214,hs,
43215,Vs,܂
43216,us,
43340,vS,܂
43348,,݂Ƃ܂
43360,ʖS,܂Ȃ
43364,ʓ,傭Ƃ܂
43367,֒,Ȃ񂩂܂
43368,F,Ȃ܂
43369,a,Ȃ݂܂
43400,erS,
43403,Ò,Â܂
43404,ez,悤܂
43420,hS,
43423,쏬,݂Ȃ݂ɂ܂
43424,,ɂ܂
43425,YR,Ԃ܂ނ
43428,X,܂
43432,,ɂ͂ނ
43433,숢h,݂Ȃ݂ނ
43440,vS,݂܂
43441,D,݂ӂ˂܂
43442,Ó,܂܂
43443,v钬,܂܂
43444,b,܂
43447,Rs,܂Ƃ܂
43460,S,낮
43468,X쒬,Ђ킿傤
43480,kS,
43482,k,܂
43484,Óޖؒ,Ȃ܂
43500,S,܂
43501,ђ,ɂ܂
43505,ǖؒ,炬܂
43506,O,̂܂܂
43507,㑺,݂݂ނ
43510,Ǒ,ނ
43511,ܖؑ,ނ
43512,R],܂ނ
43513,,܂ނ
43514,,
43520,VS,܂
43531,k,ꂢق܂
44201,啪s,
44202,ʕ{s,ׂՂ
44203,Îs,Ȃ
44204,cs,Ђ
44205,s,
44206,Pns,
44207,Ëvs,݂
44208,|cs,
44209,L㍂cs,Ԃ񂲂
44210,nzs,
44211,Fs,
44212,Ls,Ԃ񂲂̂
44213,Rzs,ӂ
44214,s,ɂ
44320,S,Ђɂ
44322,P,Ђ߂܂ނ
44340,S,݂͂
44341,o,Ђ܂
44460,S,
44461,d,̂܂
44462,쒬,܂
45201,{s,݂₴
45202,ss,݂₱̂傤
45203,s,ׂ̂
45204,s,ɂȂ
45205,юs,΂₵
45206,s,Ђイ
45207,Ԏs,܂
45208,ss,Ƃ
45209,s,т
45340,kS,납
45341,OҒ,݂܂傤
45360,S,ɂ납
45361,,͂邿傤
45380,S,Ђ납
45382,x,ɂƂ݂傤
45383,,₿傤
45400,S,䂮
45401,璬,Ȃׂ傤
45402,Vx,Ƃ݂傤
45403,ėǑ,ɂ߂炻
45404,؏钬,傤傤
45405,쒬,݂Ȃ݂傤
45406,s_,̂傤
45420,PnS,Ђ
45421,쒬,ǂ킿傤
45429,ˑ,
45430,ŗt,΂
45431,,݂Ƃ傤
45440,PnS,ɂ
45441,䒬,ق傤
45442,Ve,Ђ̂傤
45443,,傤
46201,s,܂
46203,s,̂₵
46204,s,܂炴
46206,vs,˂
46208,os,݂
46210,whs,Ԃ
46213,V\s,ɂ̂Ă
46214,s,݂
46215,Fs,܂񂾂
46216,us,Ђ
46217,]s,
46218,s,肵܂
46219,ؖs,
46220,,
46221,uzus,Ԃ
46222,s,܂݂
46223,Bs,݂Ȃ݂イイ
46224,ɍs,
46225,ǎs,炵
46300,S,܂
46303,O,݂܂ނ
46304,\,Ƃ܂ނ
46380,FS,܂
46392,,
46400,oS,݂
46404,,Ȃ܂傤
46440,ǌS,炮
46452,N,䂤傤
46460,]S,
46468,蒬,傤
46480,̑S,
46482,ǒ,Ђ炿傤
46490,э],񂱂傤
46491,,݂Ȃ݂݂傤
46492,̕t,傤
46500,FьS,܂
46501,q,Ȃ˂傤
46502,q,݂Ȃ݂˂傤
46505,v,₭܂傤
46520,哇S,܂
46523,a,܂Ƃ
46524,F,񂻂
46525,˓,Ƃ傤
46527,,傤
46529,E,傤
46530,V,Ƃ̂܂傤
46531,V钬,܂傤
46532,ɐ咬,񂿂傤
46533,a,ǂ܂肿傤
46534,m,Ȃ傤
46535,^_,񂿂傤
47201,ߔes,Ȃ͂
47205,Xps,̂
47207,Ί_s,
47208,YYs,炻
47209,s,Ȃ
47210,s,Ƃ܂
47211,s,Ȃ킵
47212,Ls,Ƃ݂
47213,s,
47214,{Ós,݂₱܂
47215,s,Ȃ񂶂傤
47300,S,ɂ݂
47301,,ɂ݂
47302,X,݂
47303,,Ђ
47306,Am,Ȃ񂻂
47308,{,ƂԂ傤
47311,[,Ȃ
47313,X,̂
47314,,񂿂傤
47315,ɍ],
47320,S,Ȃ݂
47324,ǒJ,݂񂻂
47325,Î[,łȂ傤
47326,kJ,Ⴝ񂿂傤
47327,k鑺,Ȃ
47328,鑺,Ȃ
47329,,ɂ͂炿傤
47340,KS,܂肮
47348,^ߌ,Ȃ΂邿傤
47350,앗,͂΂邿傤
47353,nÕ~,Ƃ
47354,Ԗ,܂݂
47355,,ɂ
47356,n쑺,ƂȂ
47357,哌,݂Ȃ݂Ƃ
47358,k哌,Ƃ
47359,ɕ,ւ₻
47360,ɐ,Ȃ
47361,vē,߂܂傤
47362,d,₦傤
47370,{ÌS,݂₱
47375,Ǌԑ,܂
47380,dRS,₦܂
47381,|x,Ƃ݂傤
47382,^ߍ,Ȃɂ傤
