’n•û,s‹æ’¬‘º,URL
“¹–k,’t“à,https://weather.yahoo.co.jp/weather/jp/1a/1100.html
“¹–k,ˆ®ì,https://weather.yahoo.co.jp/weather/jp/1a/1200.html
“¹–k,—¯–G,https://weather.yahoo.co.jp/weather/jp/1a/1300.html
“¹‰›,D–y,https://weather.yahoo.co.jp/weather/jp/1b/1400.html
“¹‰›,ŠâŒ©‘ò,https://weather.yahoo.co.jp/weather/jp/1b/1500.html
“¹‰›,‹ä’mˆÀ,https://weather.yahoo.co.jp/weather/jp/1b/1600.html
“¹“Œ,–Ô‘–,https://weather.yahoo.co.jp/weather/jp/1c/1710.html
“¹“Œ,–kŒ©,https://weather.yahoo.co.jp/weather/jp/1c/1720.html
“¹“Œ,–ä•Ê,https://weather.yahoo.co.jp/weather/jp/1c/1730.html
“¹“Œ,ªº,https://weather.yahoo.co.jp/weather/jp/1c/1800.html
“¹“Œ,‹ú˜H,https://weather.yahoo.co.jp/weather/jp/1c/1900.html
“¹“Œ,‘ÑL,https://weather.yahoo.co.jp/weather/jp/1c/2000.html
“¹“ì,º—–,https://weather.yahoo.co.jp/weather/jp/1d/2100.html
“¹“ì,‰Y‰Í,https://weather.yahoo.co.jp/weather/jp/1d/2200.html
“¹“ì,”ŸŠÙ,https://weather.yahoo.co.jp/weather/jp/1d/2300.html
“¹“ì,]·,https://weather.yahoo.co.jp/weather/jp/1d/2400.html
ÂXŒ§,ÂX,https://weather.yahoo.co.jp/weather/jp/2/3110.html
ÂXŒ§,‚Ş‚Â,https://weather.yahoo.co.jp/weather/jp/2/3120.html
ÂXŒ§,”ªŒË,https://weather.yahoo.co.jp/weather/jp/2/3130.html
ŠâèŒ§,·‰ª,https://weather.yahoo.co.jp/weather/jp/3/3310.html
ŠâèŒ§,‹{ŒÃ,https://weather.yahoo.co.jp/weather/jp/3/3320.html
ŠâèŒ§,‘å‘D“n,https://weather.yahoo.co.jp/weather/jp/3/3330.html
‹{éŒ§,å‘ä,https://weather.yahoo.co.jp/weather/jp/4/3410.html
‹{éŒ§,”’Î,https://weather.yahoo.co.jp/weather/jp/4/3420.html
H“cŒ§,H“c,https://weather.yahoo.co.jp/weather/jp/5/3210.html
H“cŒ§,‰¡è,https://weather.yahoo.co.jp/weather/jp/5/3220.html
RŒ`Œ§,RŒ`,https://weather.yahoo.co.jp/weather/jp/6/3510.html
RŒ`Œ§,•Ä‘ò,https://weather.yahoo.co.jp/weather/jp/6/3520.html
RŒ`Œ§,ğ“c,https://weather.yahoo.co.jp/weather/jp/6/3530.html
RŒ`Œ§,V¯,https://weather.yahoo.co.jp/weather/jp/6/3540.html
•Ÿ“‡Œ§,•Ÿ“‡,https://weather.yahoo.co.jp/weather/jp/7/3610.html
•Ÿ“‡Œ§,¬–¼•l,https://weather.yahoo.co.jp/weather/jp/7/3620.html
•Ÿ“‡Œ§,á¼,https://weather.yahoo.co.jp/weather/jp/7/3630.html
“Œ‹“s,“Œ‹,https://weather.yahoo.co.jp/weather/jp/13/4410.html
“Œ‹“s,‘å“‡,https://weather.yahoo.co.jp/weather/jp/13/4420.html
“Œ‹“s,”ªä“‡,https://weather.yahoo.co.jp/weather/jp/13/4430.html
“Œ‹“s,•ƒ“‡,https://weather.yahoo.co.jp/weather/jp/13/4440.html
_“ŞìŒ§,‰¡•l,https://weather.yahoo.co.jp/weather/jp/14/4610.html
_“ŞìŒ§,¬“cŒ´,https://weather.yahoo.co.jp/weather/jp/14/4620.html
é‹ÊŒ§,‚³‚¢‚½‚Ü,https://weather.yahoo.co.jp/weather/jp/11/4310.html
é‹ÊŒ§,ŒF’J,https://weather.yahoo.co.jp/weather/jp/11/4320.html
é‹ÊŒ§,’•ƒ,https://weather.yahoo.co.jp/weather/jp/11/4330.html
ç—tŒ§,ç—t,https://weather.yahoo.co.jp/weather/jp/12/4510.html
ç—tŒ§,’¶q,https://weather.yahoo.co.jp/weather/jp/12/4520.html
ç—tŒ§,ŠÙR,https://weather.yahoo.co.jp/weather/jp/12/4530.html
ˆïéŒ§,…ŒË,https://weather.yahoo.co.jp/weather/jp/8/4010.html
ˆïéŒ§,“y‰Y,https://weather.yahoo.co.jp/weather/jp/8/4020.html
“È–ØŒ§,‰F“s‹{,https://weather.yahoo.co.jp/weather/jp/9/4110.html
“È–ØŒ§,‘å“cŒ´,https://weather.yahoo.co.jp/weather/jp/9/4120.html
ŒQ”nŒ§,‘O‹´,https://weather.yahoo.co.jp/weather/jp/10/4210.html
ŒQ”nŒ§,‚İ‚È‚©‚İ,https://weather.yahoo.co.jp/weather/jp/10/4220.html
R—œŒ§,b•{,https://weather.yahoo.co.jp/weather/jp/19/4910.html
R—œŒ§,‰ÍŒûŒÎ,https://weather.yahoo.co.jp/weather/jp/19/4920.html
VŠƒŒ§,VŠƒ,https://weather.yahoo.co.jp/weather/jp/15/5410.html
VŠƒŒ§,’·‰ª,https://weather.yahoo.co.jp/weather/jp/15/5420.html
VŠƒŒ§,‚“c,https://weather.yahoo.co.jp/weather/jp/15/5430.html
VŠƒŒ§,‘Šì,https://weather.yahoo.co.jp/weather/jp/15/5440.html
’·–ìŒ§,’·–ì,https://weather.yahoo.co.jp/weather/jp/20/4810.html
’·–ìŒ§,¼–{,https://weather.yahoo.co.jp/weather/jp/20/4820.html
’·–ìŒ§,”Ñ“c,https://weather.yahoo.co.jp/weather/jp/20/4830.html
ˆ¤’mŒ§,–¼ŒÃ‰®,https://weather.yahoo.co.jp/weather/jp/23/5110.html
ˆ¤’mŒ§,–L‹´,https://weather.yahoo.co.jp/weather/jp/23/5120.html
Šò•ŒŒ§,Šò•Œ,https://weather.yahoo.co.jp/weather/jp/21/5210.html
Šò•ŒŒ§,‚R,https://weather.yahoo.co.jp/weather/jp/21/5220.html
Ã‰ªŒ§,Ã‰ª,https://weather.yahoo.co.jp/weather/jp/22/5010.html
Ã‰ªŒ§,–Ô‘ã,https://weather.yahoo.co.jp/weather/jp/22/5020.html
Ã‰ªŒ§,O“‡,https://weather.yahoo.co.jp/weather/jp/22/5030.html
Ã‰ªŒ§,•l¼,https://weather.yahoo.co.jp/weather/jp/22/5040.html
OdŒ§,’Ã,https://weather.yahoo.co.jp/weather/jp/24/5310.html
OdŒ§,”ö˜h,https://weather.yahoo.co.jp/weather/jp/24/5320.html
•xRŒ§,•xR,https://weather.yahoo.co.jp/weather/jp/16/5510.html
•xRŒ§,•š–Ø,https://weather.yahoo.co.jp/weather/jp/16/5520.html
ÎìŒ§,‹à‘ò,https://weather.yahoo.co.jp/weather/jp/17/5610.html
ÎìŒ§,—Ö“‡,https://weather.yahoo.co.jp/weather/jp/17/5620.html
•ŸˆäŒ§,•Ÿˆä,https://weather.yahoo.co.jp/weather/jp/18/5710.html
•ŸˆäŒ§,“Ö‰ê,https://weather.yahoo.co.jp/weather/jp/18/5720.html
‘åã•{,‘åã,https://weather.yahoo.co.jp/weather/jp/27/6200.html
•ºŒÉŒ§,_ŒË,https://weather.yahoo.co.jp/weather/jp/28/6310.html
•ºŒÉŒ§,–L‰ª,https://weather.yahoo.co.jp/weather/jp/28/6320.html
‹“s•{,‹“s,https://weather.yahoo.co.jp/weather/jp/26/6110.html
‹“s•{,•‘’ß,https://weather.yahoo.co.jp/weather/jp/26/6120.html
 ‰êŒ§,‘å’Ã,https://weather.yahoo.co.jp/weather/jp/25/6010.html
 ‰êŒ§,•Fª,https://weather.yahoo.co.jp/weather/jp/25/6020.html
“Ş—ÇŒ§,“Ş—Ç,https://weather.yahoo.co.jp/weather/jp/29/6410.html
“Ş—ÇŒ§,•—‰®,https://weather.yahoo.co.jp/weather/jp/29/6420.html
˜a‰ÌRŒ§,˜a‰ÌR,https://weather.yahoo.co.jp/weather/jp/30/6510.html
˜a‰ÌRŒ§,’ª–¦,https://weather.yahoo.co.jp/weather/jp/30/6520.html
“‡ªŒ§,¼],https://weather.yahoo.co.jp/weather/jp/32/6810.html
“‡ªŒ§,•l“c,https://weather.yahoo.co.jp/weather/jp/32/6820.html
“‡ªŒ§,¼‹½,https://weather.yahoo.co.jp/weather/jp/32/6830.html
’¹æŒ§,’¹æ,https://weather.yahoo.co.jp/weather/jp/31/6910.html
’¹æŒ§,•Äq,https://weather.yahoo.co.jp/weather/jp/31/6920.html
‰ªRŒ§,‰ªR,https://weather.yahoo.co.jp/weather/jp/33/6610.html
‰ªRŒ§,’ÃR,https://weather.yahoo.co.jp/weather/jp/33/6620.html
L“‡Œ§,L“‡,https://weather.yahoo.co.jp/weather/jp/34/6710.html
L“‡Œ§,¯Œ´,https://weather.yahoo.co.jp/weather/jp/34/6720.html
RŒûŒ§,‰ºŠÖ,https://weather.yahoo.co.jp/weather/jp/35/8110.html
RŒûŒ§,RŒû,https://weather.yahoo.co.jp/weather/jp/35/8120.html
RŒûŒ§,–öˆä,https://weather.yahoo.co.jp/weather/jp/35/8130.html
RŒûŒ§,”‹,https://weather.yahoo.co.jp/weather/jp/35/8140.html
“¿“‡Œ§,“¿“‡,https://weather.yahoo.co.jp/weather/jp/36/7110.html
“¿“‡Œ§,“ú˜a²,https://weather.yahoo.co.jp/weather/jp/36/7120.html
ìŒ§,‚¼,https://weather.yahoo.co.jp/weather/jp/37/7200.html
ˆ¤•QŒ§,¼R,https://weather.yahoo.co.jp/weather/jp/38/7310.html
ˆ¤•QŒ§,V‹•l,https://weather.yahoo.co.jp/weather/jp/38/7320.html
ˆ¤•QŒ§,‰F˜a“‡,https://weather.yahoo.co.jp/weather/jp/38/7330.html
‚’mŒ§,‚’m,https://weather.yahoo.co.jp/weather/jp/39/7410.html
‚’mŒ§,ºŒË–¦,https://weather.yahoo.co.jp/weather/jp/39/7420.html
‚’mŒ§,´…,https://weather.yahoo.co.jp/weather/jp/39/7430.html
•Ÿ‰ªŒ§,•Ÿ‰ª,https://weather.yahoo.co.jp/weather/jp/40/8210.html
•Ÿ‰ªŒ§,”ª”¦,https://weather.yahoo.co.jp/weather/jp/40/8220.html
•Ÿ‰ªŒ§,”Ñ’Ë,https://weather.yahoo.co.jp/weather/jp/40/8230.html
•Ÿ‰ªŒ§,‹v—¯•Ä,https://weather.yahoo.co.jp/weather/jp/40/8240.html
²‰êŒ§,²‰ê,https://weather.yahoo.co.jp/weather/jp/41/8510.html
²‰êŒ§,ˆÉ–œ—¢,https://weather.yahoo.co.jp/weather/jp/41/8520.html
’·èŒ§,’·è,https://weather.yahoo.co.jp/weather/jp/42/8410.html
’·èŒ§,²¢•Û,https://weather.yahoo.co.jp/weather/jp/42/8420.html
’·èŒ§,ŒµŒ´,https://weather.yahoo.co.jp/weather/jp/42/8430.html
’·èŒ§,•Ÿ],https://weather.yahoo.co.jp/weather/jp/42/8440.html
ŒF–{Œ§,ŒF–{,https://weather.yahoo.co.jp/weather/jp/43/8610.html
ŒF–{Œ§,ˆ¢‘h‰³•P,https://weather.yahoo.co.jp/weather/jp/43/8620.html
ŒF–{Œ§,‹[,https://weather.yahoo.co.jp/weather/jp/43/8630.html
ŒF–{Œ§,l‹g,https://weather.yahoo.co.jp/weather/jp/43/8640.html
‘å•ªŒ§,‘å•ª,https://weather.yahoo.co.jp/weather/jp/44/8310.html
‘å•ªŒ§,’†’Ã,https://weather.yahoo.co.jp/weather/jp/44/8320.html
‘å•ªŒ§,“ú“c,https://weather.yahoo.co.jp/weather/jp/44/8330.html
‘å•ªŒ§,²”Œ,https://weather.yahoo.co.jp/weather/jp/44/8340.html
‹{èŒ§,‹{è,https://weather.yahoo.co.jp/weather/jp/45/8710.html
‹{èŒ§,‰„‰ª,https://weather.yahoo.co.jp/weather/jp/45/8720.html
‹{èŒ§,“sé,https://weather.yahoo.co.jp/weather/jp/45/8730.html
‹{èŒ§,‚ç•ä,https://weather.yahoo.co.jp/weather/jp/45/8740.html
­™“‡Œ§,–¼£,https://weather.yahoo.co.jp/weather/jp/46/1000.html
­™“‡Œ§,­™“‡,https://weather.yahoo.co.jp/weather/jp/46/8810.html
­™“‡Œ§,­‰®,https://weather.yahoo.co.jp/weather/jp/46/8820.html
­™“‡Œ§,íq“‡,https://weather.yahoo.co.jp/weather/jp/46/8830.html
‰«“êŒ§,“ß”e,https://weather.yahoo.co.jp/weather/jp/47/9110.html
‰«“êŒ§,–¼Œì,https://weather.yahoo.co.jp/weather/jp/47/9120.html
‰«“êŒ§,‹v•Ä“‡,https://weather.yahoo.co.jp/weather/jp/47/9130.html
‰«“êŒ§,“ì‘å“Œ,https://weather.yahoo.co.jp/weather/jp/47/9200.html
‰«“êŒ§,‹{ŒÃ“‡,https://weather.yahoo.co.jp/weather/jp/47/9300.html
‰«“êŒ§,ÎŠ_“‡,https://weather.yahoo.co.jp/weather/jp/47/9410.html
‰«“êŒ§,—^“ß‘“‡,https://weather.yahoo.co.jp/weather/jp/47/9420.html
